lat,lon,nom,image
48.897074521,2.274183751,AllÃ©e Alfred Sisley / Quai Charles Pasqua D1,C:\Users\martinant de preneuf\OneDrive - Fondation EPF\Bureau\DefiAccessMaison\Prototype_Appli_DefisAccess\src\..\dataset\images\Levallois_Perret_2026-06-25_10-45-52\fichier_analyse_Levallois_Perret_000.jpg
48.893825311,2.285624257,AllÃ©e Daniel Gey / Rue Jacques Mazaud,C:\Users\martinant de preneuf\OneDrive - Fondation EPF\Bureau\DefiAccessMaison\Prototype_Appli_DefisAccess\src\..\dataset\images\Levallois_Perret_2026-06-25_10-45-52\fichier_analyse_Levallois_Perret_001.jpg
48.899335744,2.283045733,AllÃ©e Henri Matisse / Avenue Georges Pompidou,C:\Users\martinant de preneuf\OneDrive - Fondation EPF\Bureau\DefiAccessMaison\Prototype_Appli_DefisAccess\src\..\dataset\images\Levallois_Perret_2026-06-25_10-45-52\fichier_analyse_Levallois_Perret_002.jpg
48.892156372,2.297113885,AllÃ©e Louison Bobet / Rue d'Alsace,C:\Users\martinant de preneuf\OneDrive - Fondation EPF\Bureau\DefiAccessMaison\Prototype_Appli_DefisAccess\src\..\dataset\images\Levallois_Perret_2026-06-25_10-45-52\fichier_analyse_Levallois_Perret_003.jpg
48.896315475,2.278174261,AllÃ©e Marcel Cerdan / Rue Danton,C:\Users\martinant de preneuf\OneDrive - Fondation EPF\Bureau\DefiAccessMaison\Prototype_Appli_DefisAccess\src\..\dataset\images\Levallois_Perret_2026-06-25_10-45-52\fichier_analyse_Levallois_Perret_004.jpg
48.895966951,2.277252017,AllÃ©e Marcel Cerdan / Rue Ernest Cognacq,C:\Users\martinant de preneuf\OneDrive - Fondation EPF\Bureau\DefiAccessMaison\Prototype_Appli_DefisAccess\src\..\dataset\images\Levallois_Perret_2026-06-25_10-45-52\fichier_analyse_Levallois_Perret_005.jpg
48.896404995,2.28511106,AllÃ©e Pierre Burelle / Rue Paul Vaillant-Couturier,C:\Users\martinant de preneuf\OneDrive - Fondation EPF\Bureau\DefiAccessMaison\Prototype_Appli_DefisAccess\src\..\dataset\images\Levallois_Perret_2026-06-25_10-45-52\fichier_analyse_Levallois_Perret_006.jpg
48.893737389,2.29504541,AllÃ©e Youri Gagarine / Rue Jean JaurÃ¨s,C:\Users\martinant de preneuf\OneDrive - Fondation EPF\Bureau\DefiAccessMaison\Prototype_Appli_DefisAccess\src\..\dataset\images\Levallois_Perret_2026-06-25_10-45-52\fichier_analyse_Levallois_Perret_007.jpg
48.896274705,2.274950542,Avenue AndrÃ© Malraux / AllÃ©e Alfred Sisley,C:\Users\martinant de preneuf\OneDrive - Fondation EPF\Bureau\DefiAccessMaison\Prototype_Appli_DefisAccess\src\..\dataset\images\Levallois_Perret_2026-06-25_10-45-52\fichier_analyse_Levallois_Perret_008.jpg
48.896827785,2.276429701,Avenue AndrÃ© Malraux / Rue Ernest Cognacq,C:\Users\martinant de preneuf\OneDrive - Fondation EPF\Bureau\DefiAccessMaison\Prototype_Appli_DefisAccess\src\..\dataset\images\Levallois_Perret_2026-06-25_10-45-52\fichier_analyse_Levallois_Perret_009.jpg
48.89625205,2.274975846,Avenue AndrÃ© Malraux / Rue Greffulhe,C:\Users\martinant de preneuf\OneDrive - Fondation EPF\Bureau\DefiAccessMaison\Prototype_Appli_DefisAccess\src\..\dataset\images\Levallois_Perret_2026-06-25_10-45-52\fichier_analyse_Levallois_Perret_010.jpg
48.897323553,2.282980697,Avenue de l'Europe / Rue Baudin,C:\Users\martinant de preneuf\OneDrive - Fondation EPF\Bureau\DefiAccessMaison\Prototype_Appli_DefisAccess\src\..\dataset\images\Levallois_Perret_2026-06-25_10-45-52\fichier_analyse_Levallois_Perret_011.jpg
48.898085235,2.282369416,Avenue de l'Europe / Rue ClÃ©ment Bayard,C:\Users\martinant de preneuf\OneDrive - Fondation EPF\Bureau\DefiAccessMaison\Prototype_Appli_DefisAccess\src\..\dataset\images\Levallois_Perret_2026-06-25_10-45-52\fichier_analyse_Levallois_Perret_012.jpg
48.896224102,2.283947607,Avenue de l'Europe / Rue des Marronniers,C:\Users\martinant de preneuf\OneDrive - Fondation EPF\Bureau\DefiAccessMaison\Prototype_Appli_DefisAccess\src\..\dataset\images\Levallois_Perret_2026-06-25_10-45-52\fichier_analyse_Levallois_Perret_013.jpg
48.896233946,2.283940216,Avenue de l'Europe / Rue Paul Vaillant-Couturier,C:\Users\martinant de preneuf\OneDrive - Fondation EPF\Bureau\DefiAccessMaison\Prototype_Appli_DefisAccess\src\..\dataset\images\Levallois_Perret_2026-06-25_10-45-52\fichier_analyse_Levallois_Perret_014.jpg
48.893359817,2.289201272,Avenue du GÃ©nÃ©ral de Gaulle / Rue du PrÃ©sident Wilson,C:\Users\martinant de preneuf\OneDrive - Fondation EPF\Bureau\DefiAccessMaison\Prototype_Appli_DefisAccess\src\..\dataset\images\Levallois_Perret_2026-06-25_10-45-52\fichier_analyse_Levallois_Perret_015.jpg
48.893681333,2.290033301,Avenue du GÃ©nÃ©ral de Gaulle / Rue Rivay,C:\Users\martinant de preneuf\OneDrive - Fondation EPF\Bureau\DefiAccessMaison\Prototype_Appli_DefisAccess\src\..\dataset\images\Levallois_Perret_2026-06-25_10-45-52\fichier_analyse_Levallois_Perret_016.jpg
48.898400916,2.28049018,Avenue Georges Pompidou / AllÃ©e Auguste Renoir,C:\Users\martinant de preneuf\OneDrive - Fondation EPF\Bureau\DefiAccessMaison\Prototype_Appli_DefisAccess\src\..\dataset\images\Levallois_Perret_2026-06-25_10-45-52\fichier_analyse_Levallois_Perret_017.jpg
48.899293925,2.283082831,Avenue Georges Pompidou / AllÃ©e Henri Matisse,C:\Users\martinant de preneuf\OneDrive - Fondation EPF\Bureau\DefiAccessMaison\Prototype_Appli_DefisAccess\src\..\dataset\images\Levallois_Perret_2026-06-25_10-45-52\fichier_analyse_Levallois_Perret_018.jpg
48.898864149,2.281747497,Avenue Georges Pompidou / Place Georges Pompidou,C:\Users\martinant de preneuf\OneDrive - Fondation EPF\Bureau\DefiAccessMaison\Prototype_Appli_DefisAccess\src\..\dataset\images\Levallois_Perret_2026-06-25_10-45-52\fichier_analyse_Levallois_Perret_019.jpg
48.898041223,2.27962594,Avenue Georges Pompidou / Rue Anatole France D9B,C:\Users\martinant de preneuf\OneDrive - Fondation EPF\Bureau\DefiAccessMaison\Prototype_Appli_DefisAccess\src\..\dataset\images\Levallois_Perret_2026-06-25_10-45-52\fichier_analyse_Levallois_Perret_020.jpg
48.897187292,2.277534111,Avenue Georges Pompidou / Rue Danton,C:\Users\martinant de preneuf\OneDrive - Fondation EPF\Bureau\DefiAccessMaison\Prototype_Appli_DefisAccess\src\..\dataset\images\Levallois_Perret_2026-06-25_10-45-52\fichier_analyse_Levallois_Perret_021.jpg
48.899571269,2.283939446,Avenue Georges Pompidou / Rue du PrÃ©sident Wilson,C:\Users\martinant de preneuf\OneDrive - Fondation EPF\Bureau\DefiAccessMaison\Prototype_Appli_DefisAccess\src\..\dataset\images\Levallois_Perret_2026-06-25_10-45-52\fichier_analyse_Levallois_Perret_022.jpg
48.886388444,2.285531343,Boulevard Bineau / Avenue de la Porte de Champerret D908,C:\Users\martinant de preneuf\OneDrive - Fondation EPF\Bureau\DefiAccessMaison\Prototype_Appli_DefisAccess\src\..\dataset\images\Levallois_Perret_2026-06-25_10-45-52\fichier_analyse_Levallois_Perret_023.jpg
48.886807486,2.28326942,Boulevard Bineau D908 / Rue de Villiers,C:\Users\martinant de preneuf\OneDrive - Fondation EPF\Bureau\DefiAccessMaison\Prototype_Appli_DefisAccess\src\..\dataset\images\Levallois_Perret_2026-06-25_10-45-52\fichier_analyse_Levallois_Perret_024.jpg
48.892284164,2.293549899,Impasse Genouville / Rue Jean JaurÃ¨s,C:\Users\martinant de preneuf\OneDrive - Fondation EPF\Bureau\DefiAccessMaison\Prototype_Appli_DefisAccess\src\..\dataset\images\Levallois_Perret_2026-06-25_10-45-52\fichier_analyse_Levallois_Perret_025.jpg
48.892262677,2.29348308,Impasse Genouville / Rue Jules Guesde,C:\Users\martinant de preneuf\OneDrive - Fondation EPF\Bureau\DefiAccessMaison\Prototype_Appli_DefisAccess\src\..\dataset\images\Levallois_Perret_2026-06-25_10-45-52\fichier_analyse_Levallois_Perret_026.jpg
48.896583199,2.297405085,Impasse Gravel / AllÃ©e CÃ©cile Vannier,C:\Users\martinant de preneuf\OneDrive - Fondation EPF\Bureau\DefiAccessMaison\Prototype_Appli_DefisAccess\src\..\dataset\images\Levallois_Perret_2026-06-25_10-45-52\fichier_analyse_Levallois_Perret_027.jpg
48.894235163,2.289591671,Place d'Estienne d'Orves / Rue Rivay,C:\Users\martinant de preneuf\OneDrive - Fondation EPF\Bureau\DefiAccessMaison\Prototype_Appli_DefisAccess\src\..\dataset\images\Levallois_Perret_2026-06-25_10-45-52\fichier_analyse_Levallois_Perret_028.jpg
48.892728507,2.289021097,Place de la RÃ©publique / Rue Aristide Briand,C:\Users\martinant de preneuf\OneDrive - Fondation EPF\Bureau\DefiAccessMaison\Prototype_Appli_DefisAccess\src\..\dataset\images\Levallois_Perret_2026-06-25_10-45-52\fichier_analyse_Levallois_Perret_029.jpg
48.894386722,2.28691897,Place de Verdun / Verdun,C:\Users\martinant de preneuf\OneDrive - Fondation EPF\Bureau\DefiAccessMaison\Prototype_Appli_DefisAccess\src\..\dataset\images\Levallois_Perret_2026-06-25_10-45-52\fichier_analyse_Levallois_Perret_030.jpg
48.899322613,2.28903736,Place du 11 Novembre / Rue Baudin,C:\Users\martinant de preneuf\OneDrive - Fondation EPF\Bureau\DefiAccessMaison\Prototype_Appli_DefisAccess\src\..\dataset\images\Levallois_Perret_2026-06-25_10-45-52\fichier_analyse_Levallois_Perret_031.jpg
48.899309443,2.289170518,Place du 11 Novembre / Rue Collange,C:\Users\martinant de preneuf\OneDrive - Fondation EPF\Bureau\DefiAccessMaison\Prototype_Appli_DefisAccess\src\..\dataset\images\Levallois_Perret_2026-06-25_10-45-52\fichier_analyse_Levallois_Perret_032.jpg
48.8991062,2.2891861,Place du 11 Novembre / Rue Marjolin,C:\Users\martinant de preneuf\OneDrive - Fondation EPF\Bureau\DefiAccessMaison\Prototype_Appli_DefisAccess\src\..\dataset\images\Levallois_Perret_2026-06-25_10-45-52\fichier_analyse_Levallois_Perret_033.jpg
48.892290258,2.284867401,Place du GÃ©nÃ©ral Leclerc de Hautecloque / Rue Anatole France D9B,C:\Users\martinant de preneuf\OneDrive - Fondation EPF\Bureau\DefiAccessMaison\Prototype_Appli_DefisAccess\src\..\dataset\images\Levallois_Perret_2026-06-25_10-45-52\fichier_analyse_Levallois_Perret_034.jpg
48.887629923,2.285038527,Place du MarÃ©chal de Lattre de Tassigny / Rue Chaptal,C:\Users\martinant de preneuf\OneDrive - Fondation EPF\Bureau\DefiAccessMaison\Prototype_Appli_DefisAccess\src\..\dataset\images\Levallois_Perret_2026-06-25_10-45-52\fichier_analyse_Levallois_Perret_035.jpg
48.887528564,2.285086962,Place du MarÃ©chal de Lattre de Tassigny / Rue Louise Michel,C:\Users\martinant de preneuf\OneDrive - Fondation EPF\Bureau\DefiAccessMaison\Prototype_Appli_DefisAccess\src\..\dataset\images\Levallois_Perret_2026-06-25_10-45-52\fichier_analyse_Levallois_Perret_036.jpg
48.898201193,2.280077783,Place du MarÃ©chal Juin / Avenue Georges Pompidou,C:\Users\martinant de preneuf\OneDrive - Fondation EPF\Bureau\DefiAccessMaison\Prototype_Appli_DefisAccess\src\..\dataset\images\Levallois_Perret_2026-06-25_10-45-52\fichier_analyse_Levallois_Perret_037.jpg
48.897746428,2.279920159,Place du MarÃ©chal Juin / Rue Anatole France D9B,C:\Users\martinant de preneuf\OneDrive - Fondation EPF\Bureau\DefiAccessMaison\Prototype_Appli_DefisAccess\src\..\dataset\images\Levallois_Perret_2026-06-25_10-45-52\fichier_analyse_Levallois_Perret_038.jpg
48.897916207,2.280323328,Place du MarÃ©chal Juin / Rue Thierry Le Luron,C:\Users\martinant de preneuf\OneDrive - Fondation EPF\Bureau\DefiAccessMaison\Prototype_Appli_DefisAccess\src\..\dataset\images\Levallois_Perret_2026-06-25_10-45-52\fichier_analyse_Levallois_Perret_039.jpg
48.898575492,2.28197421,Place Georges Pompidou / Avenue de l'Europe,C:\Users\martinant de preneuf\OneDrive - Fondation EPF\Bureau\DefiAccessMaison\Prototype_Appli_DefisAccess\src\..\dataset\images\Levallois_Perret_2026-06-25_10-45-52\fichier_analyse_Levallois_Perret_040.jpg
48.898838991,2.281773161,Place Georges Pompidou / Avenue Georges Pompidou,C:\Users\martinant de preneuf\OneDrive - Fondation EPF\Bureau\DefiAccessMaison\Prototype_Appli_DefisAccess\src\..\dataset\images\Levallois_Perret_2026-06-25_10-45-52\fichier_analyse_Levallois_Perret_041.jpg
48.898206391,2.277018429,Quai Charles Pasqua D1 / Rue Danton,C:\Users\martinant de preneuf\OneDrive - Fondation EPF\Bureau\DefiAccessMaison\Prototype_Appli_DefisAccess\src\..\dataset\images\Levallois_Perret_2026-06-25_10-45-52\fichier_analyse_Levallois_Perret_042.jpg
48.899041209,2.278921942,Quai Charles Pasqua D1 / D9B,C:\Users\martinant de preneuf\OneDrive - Fondation EPF\Bureau\DefiAccessMaison\Prototype_Appli_DefisAccess\src\..\dataset\images\Levallois_Perret_2026-06-25_10-45-52\fichier_analyse_Levallois_Perret_043.jpg
48.894266616,2.275351486,Rue Albert de Vatimesnil / Rue de Lille,C:\Users\martinant de preneuf\OneDrive - Fondation EPF\Bureau\DefiAccessMaison\Prototype_Appli_DefisAccess\src\..\dataset\images\Levallois_Perret_2026-06-25_10-45-52\fichier_analyse_Levallois_Perret_044.jpg
48.894271718,2.275367437,Rue Albert de Vatimesnil / Rue de Villiers,C:\Users\martinant de preneuf\OneDrive - Fondation EPF\Bureau\DefiAccessMaison\Prototype_Appli_DefisAccess\src\..\dataset\images\Levallois_Perret_2026-06-25_10-45-52\fichier_analyse_Levallois_Perret_045.jpg
48.89469432,2.27639817,Rue Albert de Vatimesnil / Rue Greffulhe,C:\Users\martinant de preneuf\OneDrive - Fondation EPF\Bureau\DefiAccessMaison\Prototype_Appli_DefisAccess\src\..\dataset\images\Levallois_Perret_2026-06-25_10-45-52\fichier_analyse_Levallois_Perret_046.jpg
48.898038563,2.279643472,Rue Anatole France D9B / Avenue Georges Pompidou,C:\Users\martinant de preneuf\OneDrive - Fondation EPF\Bureau\DefiAccessMaison\Prototype_Appli_DefisAccess\src\..\dataset\images\Levallois_Perret_2026-06-25_10-45-52\fichier_analyse_Levallois_Perret_047.jpg
48.891289494,2.285774043,Rue Anatole France D9B / Rue Aristide Briand,C:\Users\martinant de preneuf\OneDrive - Fondation EPF\Bureau\DefiAccessMaison\Prototype_Appli_DefisAccess\src\..\dataset\images\Levallois_Perret_2026-06-25_10-45-52\fichier_analyse_Levallois_Perret_048.jpg
48.896577752,2.280982372,Rue Anatole France D9B / Rue Baudin,C:\Users\martinant de preneuf\OneDrive - Fondation EPF\Bureau\DefiAccessMaison\Prototype_Appli_DefisAccess\src\..\dataset\images\Levallois_Perret_2026-06-25_10-45-52\fichier_analyse_Levallois_Perret_049.jpg
48.890607572,2.286389929,Rue Anatole France D9B / Rue Louis Rouquier,C:\Users\martinant de preneuf\OneDrive - Fondation EPF\Bureau\DefiAccessMaison\Prototype_Appli_DefisAccess\src\..\dataset\images\Levallois_Perret_2026-06-25_10-45-52\fichier_analyse_Levallois_Perret_050.jpg
48.888910583,2.287944727,Rue Anatole France D9B / Rue Louise Michel,C:\Users\martinant de preneuf\OneDrive - Fondation EPF\Bureau\DefiAccessMaison\Prototype_Appli_DefisAccess\src\..\dataset\images\Levallois_Perret_2026-06-25_10-45-52\fichier_analyse_Levallois_Perret_051.jpg
48.898482104,2.283381133,Rue AndrÃ© CitroÃ«n / Rue ClÃ©ment Bayard,C:\Users\martinant de preneuf\OneDrive - Fondation EPF\Bureau\DefiAccessMaison\Prototype_Appli_DefisAccess\src\..\dataset\images\Levallois_Perret_2026-06-25_10-45-52\fichier_analyse_Levallois_Perret_052.jpg
48.898413058,2.283289366,Rue AndrÃ© CitroÃ«n / Rue du Parc,C:\Users\martinant de preneuf\OneDrive - Fondation EPF\Bureau\DefiAccessMaison\Prototype_Appli_DefisAccess\src\..\dataset\images\Levallois_Perret_2026-06-25_10-45-52\fichier_analyse_Levallois_Perret_053.jpg
48.899295504,2.284153485,Rue AndrÃ© CitroÃ«n / Rue du PrÃ©sident Wilson,C:\Users\martinant de preneuf\OneDrive - Fondation EPF\Bureau\DefiAccessMaison\Prototype_Appli_DefisAccess\src\..\dataset\images\Levallois_Perret_2026-06-25_10-45-52\fichier_analyse_Levallois_Perret_054.jpg
48.894427463,2.284299847,Rue Antonin Raynaud / AllÃ©e Daniel Gey,C:\Users\martinant de preneuf\OneDrive - Fondation EPF\Bureau\DefiAccessMaison\Prototype_Appli_DefisAccess\src\..\dataset\images\Levallois_Perret_2026-06-25_10-45-52\fichier_analyse_Levallois_Perret_055.jpg
48.894144104,2.284526711,Rue Antonin Raynaud / Rue Carnot,C:\Users\martinant de preneuf\OneDrive - Fondation EPF\Bureau\DefiAccessMaison\Prototype_Appli_DefisAccess\src\..\dataset\images\Levallois_Perret_2026-06-25_10-45-52\fichier_analyse_Levallois_Perret_056.jpg
48.895818793,2.283023384,Rue Antonin Raynaud / Rue Mathilde Girault,C:\Users\martinant de preneuf\OneDrive - Fondation EPF\Bureau\DefiAccessMaison\Prototype_Appli_DefisAccess\src\..\dataset\images\Levallois_Perret_2026-06-25_10-45-52\fichier_analyse_Levallois_Perret_057.jpg
48.895808644,2.283030715,Rue Antonin Raynaud / Rue Paul Vaillant-Couturier,C:\Users\martinant de preneuf\OneDrive - Fondation EPF\Bureau\DefiAccessMaison\Prototype_Appli_DefisAccess\src\..\dataset\images\Levallois_Perret_2026-06-25_10-45-52\fichier_analyse_Levallois_Perret_058.jpg
48.896399716,2.29758945,Rue Aristide Briand / Impasse Gravel,C:\Users\martinant de preneuf\OneDrive - Fondation EPF\Bureau\DefiAccessMaison\Prototype_Appli_DefisAccess\src\..\dataset\images\Levallois_Perret_2026-06-25_10-45-52\fichier_analyse_Levallois_Perret_059.jpg
48.892739377,2.289040734,Rue Aristide Briand / Place de la RÃ©publique,C:\Users\martinant de preneuf\OneDrive - Fondation EPF\Bureau\DefiAccessMaison\Prototype_Appli_DefisAccess\src\..\dataset\images\Levallois_Perret_2026-06-25_10-45-52\fichier_analyse_Levallois_Perret_060.jpg
48.891287098,2.285789028,Rue Aristide Briand / Rue Anatole France D9B,C:\Users\martinant de preneuf\OneDrive - Fondation EPF\Bureau\DefiAccessMaison\Prototype_Appli_DefisAccess\src\..\dataset\images\Levallois_Perret_2026-06-25_10-45-52\fichier_analyse_Levallois_Perret_061.jpg
48.889836016,2.282346633,Rue Aristide Briand / Rue Chaptal,C:\Users\martinant de preneuf\OneDrive - Fondation EPF\Bureau\DefiAccessMaison\Prototype_Appli_DefisAccess\src\..\dataset\images\Levallois_Perret_2026-06-25_10-45-52\fichier_analyse_Levallois_Perret_062.jpg
48.896217266,2.297140373,Rue Aristide Briand / Rue de la Gare,C:\Users\martinant de preneuf\OneDrive - Fondation EPF\Bureau\DefiAccessMaison\Prototype_Appli_DefisAccess\src\..\dataset\images\Levallois_Perret_2026-06-25_10-45-52\fichier_analyse_Levallois_Perret_063.jpg
48.889148518,2.280729308,Rue Aristide Briand / Rue de Villiers,C:\Users\martinant de preneuf\OneDrive - Fondation EPF\Bureau\DefiAccessMaison\Prototype_Appli_DefisAccess\src\..\dataset\images\Levallois_Perret_2026-06-25_10-45-52\fichier_analyse_Levallois_Perret_064.jpg
48.896462885,2.297780232,Rue Aristide Briand / Rue du 8 Mai 1945,C:\Users\martinant de preneuf\OneDrive - Fondation EPF\Bureau\DefiAccessMaison\Prototype_Appli_DefisAccess\src\..\dataset\images\Levallois_Perret_2026-06-25_10-45-52\fichier_analyse_Levallois_Perret_065.jpg
48.893291154,2.290384885,Rue Aristide Briand / Rue Rivay,C:\Users\martinant de preneuf\OneDrive - Fondation EPF\Bureau\DefiAccessMaison\Prototype_Appli_DefisAccess\src\..\dataset\images\Levallois_Perret_2026-06-25_10-45-52\fichier_analyse_Levallois_Perret_066.jpg
48.895253616,2.294883236,Rue Aristide Briand / Rue TrÃ©zel,C:\Users\martinant de preneuf\OneDrive - Fondation EPF\Bureau\DefiAccessMaison\Prototype_Appli_DefisAccess\src\..\dataset\images\Levallois_Perret_2026-06-25_10-45-52\fichier_analyse_Levallois_Perret_067.jpg
48.89592377,2.296475148,Rue Aristide Briand / Rue Victor Hugo D909,C:\Users\martinant de preneuf\OneDrive - Fondation EPF\Bureau\DefiAccessMaison\Prototype_Appli_DefisAccess\src\..\dataset\images\Levallois_Perret_2026-06-25_10-45-52\fichier_analyse_Levallois_Perret_068.jpg
48.892525081,2.28286546,Rue Bara / Rue Marius Aufan,C:\Users\martinant de preneuf\OneDrive - Fondation EPF\Bureau\DefiAccessMaison\Prototype_Appli_DefisAccess\src\..\dataset\images\Levallois_Perret_2026-06-25_10-45-52\fichier_analyse_Levallois_Perret_069.jpg
48.890319304,2.281756704,Rue BarbÃ¨s / Rue Chaptal,C:\Users\martinant de preneuf\OneDrive - Fondation EPF\Bureau\DefiAccessMaison\Prototype_Appli_DefisAccess\src\..\dataset\images\Levallois_Perret_2026-06-25_10-45-52\fichier_analyse_Levallois_Perret_070.jpg
48.890887908,2.283200215,Rue BarbÃ¨s / Rue Danton,C:\Users\martinant de preneuf\OneDrive - Fondation EPF\Bureau\DefiAccessMaison\Prototype_Appli_DefisAccess\src\..\dataset\images\Levallois_Perret_2026-06-25_10-45-52\fichier_analyse_Levallois_Perret_071.jpg
48.889697437,2.280180112,Rue BarbÃ¨s / Rue de Villiers,C:\Users\martinant de preneuf\OneDrive - Fondation EPF\Bureau\DefiAccessMaison\Prototype_Appli_DefisAccess\src\..\dataset\images\Levallois_Perret_2026-06-25_10-45-52\fichier_analyse_Levallois_Perret_072.jpg
48.899338699,2.289133334,Rue Baudin / Place du 11 Novembre,C:\Users\martinant de preneuf\OneDrive - Fondation EPF\Bureau\DefiAccessMaison\Prototype_Appli_DefisAccess\src\..\dataset\images\Levallois_Perret_2026-06-25_10-45-52\fichier_analyse_Levallois_Perret_073.jpg
48.896568725,2.280968845,Rue Baudin / Rue Anatole France D9B,C:\Users\martinant de preneuf\OneDrive - Fondation EPF\Bureau\DefiAccessMaison\Prototype_Appli_DefisAccess\src\..\dataset\images\Levallois_Perret_2026-06-25_10-45-52\fichier_analyse_Levallois_Perret_074.jpg
48.899333567,2.28895522,Rue Baudin / Rue Collange,C:\Users\martinant de preneuf\OneDrive - Fondation EPF\Bureau\DefiAccessMaison\Prototype_Appli_DefisAccess\src\..\dataset\images\Levallois_Perret_2026-06-25_10-45-52\fichier_analyse_Levallois_Perret_075.jpg
48.895375958,2.278958451,Rue Baudin / Rue Danton,C:\Users\martinant de preneuf\OneDrive - Fondation EPF\Bureau\DefiAccessMaison\Prototype_Appli_DefisAccess\src\..\dataset\images\Levallois_Perret_2026-06-25_10-45-52\fichier_analyse_Levallois_Perret_076.jpg
48.898115388,2.285155052,Rue Baudin / Rue du PrÃ©sident Wilson,C:\Users\martinant de preneuf\OneDrive - Fondation EPF\Bureau\DefiAccessMaison\Prototype_Appli_DefisAccess\src\..\dataset\images\Levallois_Perret_2026-06-25_10-45-52\fichier_analyse_Levallois_Perret_077.jpg
48.898941069,2.287724418,Rue Baudin / Rue Jules Guesde,C:\Users\martinant de preneuf\OneDrive - Fondation EPF\Bureau\DefiAccessMaison\Prototype_Appli_DefisAccess\src\..\dataset\images\Levallois_Perret_2026-06-25_10-45-52\fichier_analyse_Levallois_Perret_078.jpg
48.895861337,2.27989054,Rue Baudin / Rue Marius Aufan,C:\Users\martinant de preneuf\OneDrive - Fondation EPF\Bureau\DefiAccessMaison\Prototype_Appli_DefisAccess\src\..\dataset\images\Levallois_Perret_2026-06-25_10-45-52\fichier_analyse_Levallois_Perret_079.jpg
48.899705662,2.290461445,Rue Baudin / Rue Raspail,C:\Users\martinant de preneuf\OneDrive - Fondation EPF\Bureau\DefiAccessMaison\Prototype_Appli_DefisAccess\src\..\dataset\images\Levallois_Perret_2026-06-25_10-45-52\fichier_analyse_Levallois_Perret_080.jpg
48.897922028,2.29275877,Rue Belgrand / Rue Paul Vaillant-Couturier,C:\Users\martinant de preneuf\OneDrive - Fondation EPF\Bureau\DefiAccessMaison\Prototype_Appli_DefisAccess\src\..\dataset\images\Levallois_Perret_2026-06-25_10-45-52\fichier_analyse_Levallois_Perret_081.jpg
48.89924595,2.293468359,Rue Belgrand / Rue Victor Hugo D909,C:\Users\martinant de preneuf\OneDrive - Fondation EPF\Bureau\DefiAccessMaison\Prototype_Appli_DefisAccess\src\..\dataset\images\Levallois_Perret_2026-06-25_10-45-52\fichier_analyse_Levallois_Perret_082.jpg
48.895611447,2.295717461,Rue Bellanger / Rue Aristide Briand,C:\Users\martinant de preneuf\OneDrive - Fondation EPF\Bureau\DefiAccessMaison\Prototype_Appli_DefisAccess\src\..\dataset\images\Levallois_Perret_2026-06-25_10-45-52\fichier_analyse_Levallois_Perret_083.jpg
48.896497594,2.294985673,Rue Bellanger / Rue Pierre Brossolette,C:\Users\martinant de preneuf\OneDrive - Fondation EPF\Bureau\DefiAccessMaison\Prototype_Appli_DefisAccess\src\..\dataset\images\Levallois_Perret_2026-06-25_10-45-52\fichier_analyse_Levallois_Perret_084.jpg
48.889387142,2.283773395,Rue Camille Desmoulins / Rue Louis Rouquier,C:\Users\martinant de preneuf\OneDrive - Fondation EPF\Bureau\DefiAccessMaison\Prototype_Appli_DefisAccess\src\..\dataset\images\Levallois_Perret_2026-06-25_10-45-52\fichier_analyse_Levallois_Perret_085.jpg
48.895132481,2.287648441,Rue Camille Pelletan / Rue du PrÃ©sident Wilson,C:\Users\martinant de preneuf\OneDrive - Fondation EPF\Bureau\DefiAccessMaison\Prototype_Appli_DefisAccess\src\..\dataset\images\Levallois_Perret_2026-06-25_10-45-52\fichier_analyse_Levallois_Perret_086.jpg
48.895971119,2.290251839,Rue Camille Pelletan / Rue Jules Guesde,C:\Users\martinant de preneuf\OneDrive - Fondation EPF\Bureau\DefiAccessMaison\Prototype_Appli_DefisAccess\src\..\dataset\images\Levallois_Perret_2026-06-25_10-45-52\fichier_analyse_Levallois_Perret_087.jpg
48.896768719,2.292715534,Rue Camille Pelletan / Rue Raspail,C:\Users\martinant de preneuf\OneDrive - Fondation EPF\Bureau\DefiAccessMaison\Prototype_Appli_DefisAccess\src\..\dataset\images\Levallois_Perret_2026-06-25_10-45-52\fichier_analyse_Levallois_Perret_088.jpg
48.895427203,2.288547126,Rue Camille Pelletan / Rue Rivay,C:\Users\martinant de preneuf\OneDrive - Fondation EPF\Bureau\DefiAccessMaison\Prototype_Appli_DefisAccess\src\..\dataset\images\Levallois_Perret_2026-06-25_10-45-52\fichier_analyse_Levallois_Perret_089.jpg
48.897522347,2.295024837,Rue Camille Pelletan / Rue Victor Hugo D909,C:\Users\martinant de preneuf\OneDrive - Fondation EPF\Bureau\DefiAccessMaison\Prototype_Appli_DefisAccess\src\..\dataset\images\Levallois_Perret_2026-06-25_10-45-52\fichier_analyse_Levallois_Perret_090.jpg
48.890218005,2.288123291,Rue Carnot / Place Henri Barbusse,C:\Users\martinant de preneuf\OneDrive - Fondation EPF\Bureau\DefiAccessMaison\Prototype_Appli_DefisAccess\src\..\dataset\images\Levallois_Perret_2026-06-25_10-45-52\fichier_analyse_Levallois_Perret_091.jpg
48.891714567,2.286758017,Rue Carnot / Rue Aristide Briand,C:\Users\martinant de preneuf\OneDrive - Fondation EPF\Bureau\DefiAccessMaison\Prototype_Appli_DefisAccess\src\..\dataset\images\Levallois_Perret_2026-06-25_10-45-52\fichier_analyse_Levallois_Perret_092.jpg
48.89020274,2.288086745,Rue Carnot / Rue Henri Barbusse,C:\Users\martinant de preneuf\OneDrive - Fondation EPF\Bureau\DefiAccessMaison\Prototype_Appli_DefisAccess\src\..\dataset\images\Levallois_Perret_2026-06-25_10-45-52\fichier_analyse_Levallois_Perret_093.jpg
48.889372352,2.288872454,Rue Carnot / Rue Louise Michel,C:\Users\martinant de preneuf\OneDrive - Fondation EPF\Bureau\DefiAccessMaison\Prototype_Appli_DefisAccess\src\..\dataset\images\Levallois_Perret_2026-06-25_10-45-52\fichier_analyse_Levallois_Perret_094.jpg
48.887466094,2.2852335,Rue Chaptal / Place du MarÃ©chal de Lattre de Tassigny,C:\Users\martinant de preneuf\OneDrive - Fondation EPF\Bureau\DefiAccessMaison\Prototype_Appli_DefisAccess\src\..\dataset\images\Levallois_Perret_2026-06-25_10-45-52\fichier_analyse_Levallois_Perret_095.jpg
48.886747922,2.286103523,Rue Chaptal / Rue Jacques Ibert,C:\Users\martinant de preneuf\OneDrive - Fondation EPF\Bureau\DefiAccessMaison\Prototype_Appli_DefisAccess\src\..\dataset\images\Levallois_Perret_2026-06-25_10-45-52\fichier_analyse_Levallois_Perret_096.jpg
48.892521562,2.279489621,Rue Chaptal / Rue KlÃ©ber,C:\Users\martinant de preneuf\OneDrive - Fondation EPF\Bureau\DefiAccessMaison\Prototype_Appli_DefisAccess\src\..\dataset\images\Levallois_Perret_2026-06-25_10-45-52\fichier_analyse_Levallois_Perret_097.jpg
48.893862093,2.278210181,Rue Chaptal / Rue Paul Vaillant-Couturier,C:\Users\martinant de preneuf\OneDrive - Fondation EPF\Bureau\DefiAccessMaison\Prototype_Appli_DefisAccess\src\..\dataset\images\Levallois_Perret_2026-06-25_10-45-52\fichier_analyse_Levallois_Perret_098.jpg
48.89962981,2.283901015,Rue Charles Deutschmann / Avenue Georges Pompidou,C:\Users\martinant de preneuf\OneDrive - Fondation EPF\Bureau\DefiAccessMaison\Prototype_Appli_DefisAccess\src\..\dataset\images\Levallois_Perret_2026-06-25_10-45-52\fichier_analyse_Levallois_Perret_099.jpg
48.899669462,2.283890173,Rue Charles Deutschmann / Rue du PrÃ©sident Wilson,C:\Users\martinant de preneuf\OneDrive - Fondation EPF\Bureau\DefiAccessMaison\Prototype_Appli_DefisAccess\src\..\dataset\images\Levallois_Perret_2026-06-25_10-45-52\fichier_analyse_Levallois_Perret_100.jpg
48.895480846,2.298299471,Rue Charles Faurie / Rue Jules Verne,C:\Users\martinant de preneuf\OneDrive - Fondation EPF\Bureau\DefiAccessMaison\Prototype_Appli_DefisAccess\src\..\dataset\images\Levallois_Perret_2026-06-25_10-45-52\fichier_analyse_Levallois_Perret_101.jpg
48.8973183,2.280320919,Rue ClÃ©ment Bayard / Rue Anatole France D9B,C:\Users\martinant de preneuf\OneDrive - Fondation EPF\Bureau\DefiAccessMaison\Prototype_Appli_DefisAccess\src\..\dataset\images\Levallois_Perret_2026-06-25_10-45-52\fichier_analyse_Levallois_Perret_102.jpg
48.898894609,2.28452262,Rue ClÃ©ment Bayard / Rue du PrÃ©sident Wilson,C:\Users\martinant de preneuf\OneDrive - Fondation EPF\Bureau\DefiAccessMaison\Prototype_Appli_DefisAccess\src\..\dataset\images\Levallois_Perret_2026-06-25_10-45-52\fichier_analyse_Levallois_Perret_103.jpg
48.897690933,2.281231641,Rue ClÃ©ment Bayard / Rue Thierry Le Luron,C:\Users\martinant de preneuf\OneDrive - Fondation EPF\Bureau\DefiAccessMaison\Prototype_Appli_DefisAccess\src\..\dataset\images\Levallois_Perret_2026-06-25_10-45-52\fichier_analyse_Levallois_Perret_104.jpg
48.898533166,2.293048239,Rue Collange / Rue Belgrand,C:\Users\martinant de preneuf\OneDrive - Fondation EPF\Bureau\DefiAccessMaison\Prototype_Appli_DefisAccess\src\..\dataset\images\Levallois_Perret_2026-06-25_10-45-52\fichier_analyse_Levallois_Perret_105.jpg
48.899959827,2.285802939,Rue Collange / Rue Ã‰douard Vaillant,C:\Users\martinant de preneuf\OneDrive - Fondation EPF\Bureau\DefiAccessMaison\Prototype_Appli_DefisAccess\src\..\dataset\images\Levallois_Perret_2026-06-25_10-45-52\fichier_analyse_Levallois_Perret_106.jpg
48.89976522,2.286999871,Rue Collange / Rue Jules Guesde,C:\Users\martinant de preneuf\OneDrive - Fondation EPF\Bureau\DefiAccessMaison\Prototype_Appli_DefisAccess\src\..\dataset\images\Levallois_Perret_2026-06-25_10-45-52\fichier_analyse_Levallois_Perret_107.jpg
48.898282068,2.294288948,Rue Collange / Rue Paul Vaillant-Couturier,C:\Users\martinant de preneuf\OneDrive - Fondation EPF\Bureau\DefiAccessMaison\Prototype_Appli_DefisAccess\src\..\dataset\images\Levallois_Perret_2026-06-25_10-45-52\fichier_analyse_Levallois_Perret_108.jpg
48.898918492,2.291076679,Rue Collange / Rue Raspail,C:\Users\martinant de preneuf\OneDrive - Fondation EPF\Bureau\DefiAccessMaison\Prototype_Appli_DefisAccess\src\..\dataset\images\Levallois_Perret_2026-06-25_10-45-52\fichier_analyse_Levallois_Perret_109.jpg
48.898300527,2.294325135,Rue Collange / Rue Victor Hugo D909,C:\Users\martinant de preneuf\OneDrive - Fondation EPF\Bureau\DefiAccessMaison\Prototype_Appli_DefisAccess\src\..\dataset\images\Levallois_Perret_2026-06-25_10-45-52\fichier_analyse_Levallois_Perret_110.jpg
48.892165766,2.297130827,Rue d'Alsace / AllÃ©e Louison Bobet,C:\Users\martinant de preneuf\OneDrive - Fondation EPF\Bureau\DefiAccessMaison\Prototype_Appli_DefisAccess\src\..\dataset\images\Levallois_Perret_2026-06-25_10-45-52\fichier_analyse_Levallois_Perret_111.jpg
48.893061115,2.298741749,Rue d'Alsace / Livraisons E. Leclerc,C:\Users\martinant de preneuf\OneDrive - Fondation EPF\Bureau\DefiAccessMaison\Prototype_Appli_DefisAccess\src\..\dataset\images\Levallois_Perret_2026-06-25_10-45-52\fichier_analyse_Levallois_Perret_112.jpg
48.889855655,2.292456827,Rue d'Alsace / Rue de Courcelles,C:\Users\martinant de preneuf\OneDrive - Fondation EPF\Bureau\DefiAccessMaison\Prototype_Appli_DefisAccess\src\..\dataset\images\Levallois_Perret_2026-06-25_10-45-52\fichier_analyse_Levallois_Perret_113.jpg
48.893033022,2.298649937,Rue d'Alsace / Rue Deguingand,C:\Users\martinant de preneuf\OneDrive - Fondation EPF\Bureau\DefiAccessMaison\Prototype_Appli_DefisAccess\src\..\dataset\images\Levallois_Perret_2026-06-25_10-45-52\fichier_analyse_Levallois_Perret_114.jpg
48.889866193,2.292448572,Rue d'Alsace / Rue du PrÃ©sident Wilson,C:\Users\martinant de preneuf\OneDrive - Fondation EPF\Bureau\DefiAccessMaison\Prototype_Appli_DefisAccess\src\..\dataset\images\Levallois_Perret_2026-06-25_10-45-52\fichier_analyse_Levallois_Perret_115.jpg
48.889856795,2.292446506,Rue d'Alsace / Rue Jacques Ibert,C:\Users\martinant de preneuf\OneDrive - Fondation EPF\Bureau\DefiAccessMaison\Prototype_Appli_DefisAccess\src\..\dataset\images\Levallois_Perret_2026-06-25_10-45-52\fichier_analyse_Levallois_Perret_116.jpg
48.893513781,2.299448096,Rue d'Alsace / Rue Pablo Neruda,C:\Users\martinant de preneuf\OneDrive - Fondation EPF\Bureau\DefiAccessMaison\Prototype_Appli_DefisAccess\src\..\dataset\images\Levallois_Perret_2026-06-25_10-45-52\fichier_analyse_Levallois_Perret_117.jpg
48.893510851,2.299399511,Rue d'Alsace / Rue Victor Hugo D909,C:\Users\martinant de preneuf\OneDrive - Fondation EPF\Bureau\DefiAccessMaison\Prototype_Appli_DefisAccess\src\..\dataset\images\Levallois_Perret_2026-06-25_10-45-52\fichier_analyse_Levallois_Perret_118.jpg
48.890418509,2.283647846,Rue Danton / Rue Aristide Briand,C:\Users\martinant de preneuf\OneDrive - Fondation EPF\Bureau\DefiAccessMaison\Prototype_Appli_DefisAccess\src\..\dataset\images\Levallois_Perret_2026-06-25_10-45-52\fichier_analyse_Levallois_Perret_119.jpg
48.892211641,2.28192706,Rue Danton / Rue Bara,C:\Users\martinant de preneuf\OneDrive - Fondation EPF\Bureau\DefiAccessMaison\Prototype_Appli_DefisAccess\src\..\dataset\images\Levallois_Perret_2026-06-25_10-45-52\fichier_analyse_Levallois_Perret_120.jpg
48.8953971,2.278964378,Rue Danton / Rue Baudin,C:\Users\martinant de preneuf\OneDrive - Fondation EPF\Bureau\DefiAccessMaison\Prototype_Appli_DefisAccess\src\..\dataset\images\Levallois_Perret_2026-06-25_10-45-52\fichier_analyse_Levallois_Perret_121.jpg
48.887263678,2.287130462,Rue Danton / Rue Jacques Ibert,C:\Users\martinant de preneuf\OneDrive - Fondation EPF\Bureau\DefiAccessMaison\Prototype_Appli_DefisAccess\src\..\dataset\images\Levallois_Perret_2026-06-25_10-45-52\fichier_analyse_Levallois_Perret_122.jpg
48.893034938,2.281064752,Rue Danton / Rue KlÃ©ber,C:\Users\martinant de preneuf\OneDrive - Fondation EPF\Bureau\DefiAccessMaison\Prototype_Appli_DefisAccess\src\..\dataset\images\Levallois_Perret_2026-06-25_10-45-52\fichier_analyse_Levallois_Perret_123.jpg
48.889644947,2.284290239,Rue Danton / Rue Louis Rouquier,C:\Users\martinant de preneuf\OneDrive - Fondation EPF\Bureau\DefiAccessMaison\Prototype_Appli_DefisAccess\src\..\dataset\images\Levallois_Perret_2026-06-25_10-45-52\fichier_analyse_Levallois_Perret_124.jpg
48.888041853,2.286197609,Rue Danton / Rue Louise Michel,C:\Users\martinant de preneuf\OneDrive - Fondation EPF\Bureau\DefiAccessMaison\Prototype_Appli_DefisAccess\src\..\dataset\images\Levallois_Perret_2026-06-25_10-45-52\fichier_analyse_Levallois_Perret_125.jpg
48.894420056,2.279659729,Rue Danton / Rue Paul Vaillant-Couturier,C:\Users\martinant de preneuf\OneDrive - Fondation EPF\Bureau\DefiAccessMaison\Prototype_Appli_DefisAccess\src\..\dataset\images\Levallois_Perret_2026-06-25_10-45-52\fichier_analyse_Levallois_Perret_126.jpg
48.895919955,2.297446441,Rue de Bretagne / Rue Jean JaurÃ¨s,C:\Users\martinant de preneuf\OneDrive - Fondation EPF\Bureau\DefiAccessMaison\Prototype_Appli_DefisAccess\src\..\dataset\images\Levallois_Perret_2026-06-25_10-45-52\fichier_analyse_Levallois_Perret_127.jpg
48.894946647,2.297608602,Rue de Bretagne / Rue Victor Hugo D909,C:\Users\martinant de preneuf\OneDrive - Fondation EPF\Bureau\DefiAccessMaison\Prototype_Appli_DefisAccess\src\..\dataset\images\Levallois_Perret_2026-06-25_10-45-52\fichier_analyse_Levallois_Perret_128.jpg
48.889845719,2.292443889,Rue de Courcelles / Rue Jacques Ibert,C:\Users\martinant de preneuf\OneDrive - Fondation EPF\Bureau\DefiAccessMaison\Prototype_Appli_DefisAccess\src\..\dataset\images\Levallois_Perret_2026-06-25_10-45-52\fichier_analyse_Levallois_Perret_129.jpg
48.891535944,2.28040779,Rue de l'Aspirant Dargent / Rue Chaptal,C:\Users\martinant de preneuf\OneDrive - Fondation EPF\Bureau\DefiAccessMaison\Prototype_Appli_DefisAccess\src\..\dataset\images\Levallois_Perret_2026-06-25_10-45-52\fichier_analyse_Levallois_Perret_130.jpg
48.890376041,2.279477395,Rue de l'Aspirant Dargent / Rue de Villiers,C:\Users\martinant de preneuf\OneDrive - Fondation EPF\Bureau\DefiAccessMaison\Prototype_Appli_DefisAccess\src\..\dataset\images\Levallois_Perret_2026-06-25_10-45-52\fichier_analyse_Levallois_Perret_131.jpg
48.896418165,2.296985982,Rue de la Gare / AllÃ©e CÃ©cile Vannier,C:\Users\martinant de preneuf\OneDrive - Fondation EPF\Bureau\DefiAccessMaison\Prototype_Appli_DefisAccess\src\..\dataset\images\Levallois_Perret_2026-06-25_10-45-52\fichier_analyse_Levallois_Perret_132.jpg
48.898493569,2.295135456,Rue de la Gare / Rue Paul Vaillant-Couturier,C:\Users\martinant de preneuf\OneDrive - Fondation EPF\Bureau\DefiAccessMaison\Prototype_Appli_DefisAccess\src\..\dataset\images\Levallois_Perret_2026-06-25_10-45-52\fichier_analyse_Levallois_Perret_133.jpg
48.893347078,2.297046929,Rue de Lorraine / AllÃ©e Youri Gagarine,C:\Users\martinant de preneuf\OneDrive - Fondation EPF\Bureau\DefiAccessMaison\Prototype_Appli_DefisAccess\src\..\dataset\images\Levallois_Perret_2026-06-25_10-45-52\fichier_analyse_Levallois_Perret_134.jpg
48.893757326,2.297760361,Rue de Lorraine / Rue Deguingand,C:\Users\martinant de preneuf\OneDrive - Fondation EPF\Bureau\DefiAccessMaison\Prototype_Appli_DefisAccess\src\..\dataset\images\Levallois_Perret_2026-06-25_10-45-52\fichier_analyse_Levallois_Perret_135.jpg
48.891569343,2.29416542,Rue de Lorraine / Rue Jules Guesde,C:\Users\martinant de preneuf\OneDrive - Fondation EPF\Bureau\DefiAccessMaison\Prototype_Appli_DefisAccess\src\..\dataset\images\Levallois_Perret_2026-06-25_10-45-52\fichier_analyse_Levallois_Perret_136.jpg
48.893267745,2.276417622,Rue de Villiers / Boulevard du ChÃ¢teau D16,C:\Users\martinant de preneuf\OneDrive - Fondation EPF\Bureau\DefiAccessMaison\Prototype_Appli_DefisAccess\src\..\dataset\images\Levallois_Perret_2026-06-25_10-45-52\fichier_analyse_Levallois_Perret_137.jpg
48.889138665,2.280740603,Rue de Villiers / Rue Aristide Briand,C:\Users\martinant de preneuf\OneDrive - Fondation EPF\Bureau\DefiAccessMaison\Prototype_Appli_DefisAccess\src\..\dataset\images\Levallois_Perret_2026-06-25_10-45-52\fichier_analyse_Levallois_Perret_138.jpg
48.894264689,2.275332239,Rue de Villiers / Rue de Lille,C:\Users\martinant de preneuf\OneDrive - Fondation EPF\Bureau\DefiAccessMaison\Prototype_Appli_DefisAccess\src\..\dataset\images\Levallois_Perret_2026-06-25_10-45-52\fichier_analyse_Levallois_Perret_139.jpg
48.893430108,2.276283514,Rue de Villiers / Rue Greffulhe,C:\Users\martinant de preneuf\OneDrive - Fondation EPF\Bureau\DefiAccessMaison\Prototype_Appli_DefisAccess\src\..\dataset\images\Levallois_Perret_2026-06-25_10-45-52\fichier_analyse_Levallois_Perret_140.jpg
48.893272194,2.276433596,Rue de Villiers / Rue Paul Vaillant-Couturier,C:\Users\martinant de preneuf\OneDrive - Fondation EPF\Bureau\DefiAccessMaison\Prototype_Appli_DefisAccess\src\..\dataset\images\Levallois_Perret_2026-06-25_10-45-52\fichier_analyse_Levallois_Perret_141.jpg
48.893931368,2.275691542,Rue de Villiers / Villa de Villiers,C:\Users\martinant de preneuf\OneDrive - Fondation EPF\Bureau\DefiAccessMaison\Prototype_Appli_DefisAccess\src\..\dataset\images\Levallois_Perret_2026-06-25_10-45-52\fichier_analyse_Levallois_Perret_142.jpg
48.893053672,2.29870393,Rue Deguingand / Livraisons E. Leclerc,C:\Users\martinant de preneuf\OneDrive - Fondation EPF\Bureau\DefiAccessMaison\Prototype_Appli_DefisAccess\src\..\dataset\images\Levallois_Perret_2026-06-25_10-45-52\fichier_analyse_Levallois_Perret_143.jpg
48.893126558,2.298550035,Rue Deguingand / Rue d'Alsace,C:\Users\martinant de preneuf\OneDrive - Fondation EPF\Bureau\DefiAccessMaison\Prototype_Appli_DefisAccess\src\..\dataset\images\Levallois_Perret_2026-06-25_10-45-52\fichier_analyse_Levallois_Perret_144.jpg
48.895018097,2.296361562,Rue Deguingand / Rue Jean JaurÃ¨s,C:\Users\martinant de preneuf\OneDrive - Fondation EPF\Bureau\DefiAccessMaison\Prototype_Appli_DefisAccess\src\..\dataset\images\Levallois_Perret_2026-06-25_10-45-52\fichier_analyse_Levallois_Perret_145.jpg
48.896214021,2.283956553,Rue des Marronniers / Rue Paul Vaillant-Couturier,C:\Users\martinant de preneuf\OneDrive - Fondation EPF\Bureau\DefiAccessMaison\Prototype_Appli_DefisAccess\src\..\dataset\images\Levallois_Perret_2026-06-25_10-45-52\fichier_analyse_Levallois_Perret_146.jpg
48.898720114,2.278347105,Rue du 19 Mars 1962 D9B / Quai Charles Pasqua D1,C:\Users\martinant de preneuf\OneDrive - Fondation EPF\Bureau\DefiAccessMaison\Prototype_Appli_DefisAccess\src\..\dataset\images\Levallois_Perret_2026-06-25_10-45-52\fichier_analyse_Levallois_Perret_147.jpg
48.898494547,2.279207103,Rue du 19 Mars 1962 D9B / Rue Anatole France D9B,C:\Users\martinant de preneuf\OneDrive - Fondation EPF\Bureau\DefiAccessMaison\Prototype_Appli_DefisAccess\src\..\dataset\images\Levallois_Perret_2026-06-25_10-45-52\fichier_analyse_Levallois_Perret_148.jpg
48.896469041,2.297796566,Rue du 8 Mai 1945 / Rue Aristide Briand,C:\Users\martinant de preneuf\OneDrive - Fondation EPF\Bureau\DefiAccessMaison\Prototype_Appli_DefisAccess\src\..\dataset\images\Levallois_Perret_2026-06-25_10-45-52\fichier_analyse_Levallois_Perret_149.jpg
48.89627849,2.297898183,Rue du 8 Mai 1945 / Rue Charles Faurie,C:\Users\martinant de preneuf\OneDrive - Fondation EPF\Bureau\DefiAccessMaison\Prototype_Appli_DefisAccess\src\..\dataset\images\Levallois_Perret_2026-06-25_10-45-52\fichier_analyse_Levallois_Perret_150.jpg
48.896302491,2.29791791,Rue du 8 Mai 1945 / Rue Jean JaurÃ¨s,C:\Users\martinant de preneuf\OneDrive - Fondation EPF\Bureau\DefiAccessMaison\Prototype_Appli_DefisAccess\src\..\dataset\images\Levallois_Perret_2026-06-25_10-45-52\fichier_analyse_Levallois_Perret_151.jpg
48.893918534,2.2765977,Rue du Docteur Dumont / Rue Greffulhe,C:\Users\martinant de preneuf\OneDrive - Fondation EPF\Bureau\DefiAccessMaison\Prototype_Appli_DefisAccess\src\..\dataset\images\Levallois_Perret_2026-06-25_10-45-52\fichier_analyse_Levallois_Perret_152.jpg
48.893578716,2.277300871,Rue du Docteur Dumont / Rue Paul Vaillant-Couturier,C:\Users\martinant de preneuf\OneDrive - Fondation EPF\Bureau\DefiAccessMaison\Prototype_Appli_DefisAccess\src\..\dataset\images\Levallois_Perret_2026-06-25_10-45-52\fichier_analyse_Levallois_Perret_153.jpg
48.896421603,2.285071607,Rue du Parc / AllÃ©e Pierre Burelle,C:\Users\martinant de preneuf\OneDrive - Fondation EPF\Bureau\DefiAccessMaison\Prototype_Appli_DefisAccess\src\..\dataset\images\Levallois_Perret_2026-06-25_10-45-52\fichier_analyse_Levallois_Perret_154.jpg
48.897675282,2.2839417,Rue du Parc / Rue Baudin,C:\Users\martinant de preneuf\OneDrive - Fondation EPF\Bureau\DefiAccessMaison\Prototype_Appli_DefisAccess\src\..\dataset\images\Levallois_Perret_2026-06-25_10-45-52\fichier_analyse_Levallois_Perret_155.jpg
48.898416118,2.283298249,Rue du Parc / Rue ClÃ©ment Bayard,C:\Users\martinant de preneuf\OneDrive - Fondation EPF\Bureau\DefiAccessMaison\Prototype_Appli_DefisAccess\src\..\dataset\images\Levallois_Perret_2026-06-25_10-45-52\fichier_analyse_Levallois_Perret_156.jpg
48.896436909,2.285035992,Rue du Parc / Rue Paul Vaillant-Couturier,C:\Users\martinant de preneuf\OneDrive - Fondation EPF\Bureau\DefiAccessMaison\Prototype_Appli_DefisAccess\src\..\dataset\images\Levallois_Perret_2026-06-25_10-45-52\fichier_analyse_Levallois_Perret_157.jpg
48.899581459,2.283929537,Rue du PrÃ©sident Wilson / Avenue Georges Pompidou,C:\Users\martinant de preneuf\OneDrive - Fondation EPF\Bureau\DefiAccessMaison\Prototype_Appli_DefisAccess\src\..\dataset\images\Levallois_Perret_2026-06-25_10-45-52\fichier_analyse_Levallois_Perret_158.jpg
48.900516602,2.283133134,Rue du PrÃ©sident Wilson / Quai Charles Pasqua D1,C:\Users\martinant de preneuf\OneDrive - Fondation EPF\Bureau\DefiAccessMaison\Prototype_Appli_DefisAccess\src\..\dataset\images\Levallois_Perret_2026-06-25_10-45-52\fichier_analyse_Levallois_Perret_159.jpg
48.892939351,2.289581452,Rue du PrÃ©sident Wilson / Rue Aristide Briand,C:\Users\martinant de preneuf\OneDrive - Fondation EPF\Bureau\DefiAccessMaison\Prototype_Appli_DefisAccess\src\..\dataset\images\Levallois_Perret_2026-06-25_10-45-52\fichier_analyse_Levallois_Perret_160.jpg
48.898104688,2.285163464,Rue du PrÃ©sident Wilson / Rue Baudin,C:\Users\martinant de preneuf\OneDrive - Fondation EPF\Bureau\DefiAccessMaison\Prototype_Appli_DefisAccess\src\..\dataset\images\Levallois_Perret_2026-06-25_10-45-52\fichier_analyse_Levallois_Perret_161.jpg
48.889856794,2.292446488,Rue du PrÃ©sident Wilson / Rue de Courcelles,C:\Users\martinant de preneuf\OneDrive - Fondation EPF\Bureau\DefiAccessMaison\Prototype_Appli_DefisAccess\src\..\dataset\images\Levallois_Perret_2026-06-25_10-45-52\fichier_analyse_Levallois_Perret_162.jpg
48.889857736,2.292435649,Rue du PrÃ©sident Wilson / Rue Jacques Ibert,C:\Users\martinant de preneuf\OneDrive - Fondation EPF\Bureau\DefiAccessMaison\Prototype_Appli_DefisAccess\src\..\dataset\images\Levallois_Perret_2026-06-25_10-45-52\fichier_analyse_Levallois_Perret_163.jpg
48.89213264,2.290292361,Rue du PrÃ©sident Wilson / Rue Louis Rouquier,C:\Users\martinant de preneuf\OneDrive - Fondation EPF\Bureau\DefiAccessMaison\Prototype_Appli_DefisAccess\src\..\dataset\images\Levallois_Perret_2026-06-25_10-45-52\fichier_analyse_Levallois_Perret_164.jpg
48.890690503,2.29159991,Rue du PrÃ©sident Wilson / Rue Louise Michel,C:\Users\martinant de preneuf\OneDrive - Fondation EPF\Bureau\DefiAccessMaison\Prototype_Appli_DefisAccess\src\..\dataset\images\Levallois_Perret_2026-06-25_10-45-52\fichier_analyse_Levallois_Perret_165.jpg
48.894506567,2.290333824,Rue Ã‰douard Vaillant / Place d'Estienne d'Orves,C:\Users\martinant de preneuf\OneDrive - Fondation EPF\Bureau\DefiAccessMaison\Prototype_Appli_DefisAccess\src\..\dataset\images\Levallois_Perret_2026-06-25_10-45-52\fichier_analyse_Levallois_Perret_166.jpg
48.90110618,2.28498911,Rue Ã‰douard Vaillant / Quai Charles Pasqua D1,C:\Users\martinant de preneuf\OneDrive - Fondation EPF\Bureau\DefiAccessMaison\Prototype_Appli_DefisAccess\src\..\dataset\images\Levallois_Perret_2026-06-25_10-45-52\fichier_analyse_Levallois_Perret_167.jpg
48.893615142,2.291127447,Rue Ã‰douard Vaillant / Rue Aristide Briand,C:\Users\martinant de preneuf\OneDrive - Fondation EPF\Bureau\DefiAccessMaison\Prototype_Appli_DefisAccess\src\..\dataset\images\Levallois_Perret_2026-06-25_10-45-52\fichier_analyse_Levallois_Perret_168.jpg
48.898662868,2.286804051,Rue Ã‰douard Vaillant / Rue Baudin,C:\Users\martinant de preneuf\OneDrive - Fondation EPF\Bureau\DefiAccessMaison\Prototype_Appli_DefisAccess\src\..\dataset\images\Levallois_Perret_2026-06-25_10-45-52\fichier_analyse_Levallois_Perret_169.jpg
48.895686103,2.289356956,Rue Ã‰douard Vaillant / Rue Camille Pelletan,C:\Users\martinant de preneuf\OneDrive - Fondation EPF\Bureau\DefiAccessMaison\Prototype_Appli_DefisAccess\src\..\dataset\images\Levallois_Perret_2026-06-25_10-45-52\fichier_analyse_Levallois_Perret_170.jpg
48.891647347,2.292845317,Rue Ã‰douard Vaillant / Rue Jean JaurÃ¨s,C:\Users\martinant de preneuf\OneDrive - Fondation EPF\Bureau\DefiAccessMaison\Prototype_Appli_DefisAccess\src\..\dataset\images\Levallois_Perret_2026-06-25_10-45-52\fichier_analyse_Levallois_Perret_171.jpg
48.900169132,2.285657676,Rue Ã‰douard Vaillant / Rue LÃ©on Jamin,C:\Users\martinant de preneuf\OneDrive - Fondation EPF\Bureau\DefiAccessMaison\Prototype_Appli_DefisAccess\src\..\dataset\images\Levallois_Perret_2026-06-25_10-45-52\fichier_analyse_Levallois_Perret_172.jpg
48.892752124,2.29187061,Rue Ã‰douard Vaillant / Rue Louis Rouquier,C:\Users\martinant de preneuf\OneDrive - Fondation EPF\Bureau\DefiAccessMaison\Prototype_Appli_DefisAccess\src\..\dataset\images\Levallois_Perret_2026-06-25_10-45-52\fichier_analyse_Levallois_Perret_173.jpg
48.896844512,2.288374498,Rue Ã‰douard Vaillant / Rue Paul Vaillant-Couturier,C:\Users\martinant de preneuf\OneDrive - Fondation EPF\Bureau\DefiAccessMaison\Prototype_Appli_DefisAccess\src\..\dataset\images\Levallois_Perret_2026-06-25_10-45-52\fichier_analyse_Levallois_Perret_174.jpg
48.897682784,2.275675149,Rue Ernest Cognacq / Quai Charles Pasqua D1,C:\Users\martinant de preneuf\OneDrive - Fondation EPF\Bureau\DefiAccessMaison\Prototype_Appli_DefisAccess\src\..\dataset\images\Levallois_Perret_2026-06-25_10-45-52\fichier_analyse_Levallois_Perret_175.jpg
48.894923033,2.278181219,Rue Ernest Cognacq / Rue Baudin,C:\Users\martinant de preneuf\OneDrive - Fondation EPF\Bureau\DefiAccessMaison\Prototype_Appli_DefisAccess\src\..\dataset\images\Levallois_Perret_2026-06-25_10-45-52\fichier_analyse_Levallois_Perret_176.jpg
48.89413869,2.278927471,Rue Ernest Cognacq / Rue Paul Vaillant-Couturier,C:\Users\martinant de preneuf\OneDrive - Fondation EPF\Bureau\DefiAccessMaison\Prototype_Appli_DefisAccess\src\..\dataset\images\Levallois_Perret_2026-06-25_10-45-52\fichier_analyse_Levallois_Perret_177.jpg
48.890579002,2.289049359,Rue Gabriel PÃ©ri / Place Henri Barbusse,C:\Users\martinant de preneuf\OneDrive - Fondation EPF\Bureau\DefiAccessMaison\Prototype_Appli_DefisAccess\src\..\dataset\images\Levallois_Perret_2026-06-25_10-45-52\fichier_analyse_Levallois_Perret_178.jpg
48.892124019,2.287693318,Rue Gabriel PÃ©ri / Rue Aristide Briand,C:\Users\martinant de preneuf\OneDrive - Fondation EPF\Bureau\DefiAccessMaison\Prototype_Appli_DefisAccess\src\..\dataset\images\Levallois_Perret_2026-06-25_10-45-52\fichier_analyse_Levallois_Perret_179.jpg
48.890596814,2.28907864,Rue Gabriel PÃ©ri / Rue Henri Barbusse,C:\Users\martinant de preneuf\OneDrive - Fondation EPF\Bureau\DefiAccessMaison\Prototype_Appli_DefisAccess\src\..\dataset\images\Levallois_Perret_2026-06-25_10-45-52\fichier_analyse_Levallois_Perret_180.jpg
48.892594101,2.28723653,Rue Gabriel PÃ©ri / Rue Hoche,C:\Users\martinant de preneuf\OneDrive - Fondation EPF\Bureau\DefiAccessMaison\Prototype_Appli_DefisAccess\src\..\dataset\images\Levallois_Perret_2026-06-25_10-45-52\fichier_analyse_Levallois_Perret_181.jpg
48.893964033,2.286007254,Rue Gabriel PÃ©ri / Rue Jacques Mazaud,C:\Users\martinant de preneuf\OneDrive - Fondation EPF\Bureau\DefiAccessMaison\Prototype_Appli_DefisAccess\src\..\dataset\images\Levallois_Perret_2026-06-25_10-45-52\fichier_analyse_Levallois_Perret_182.jpg
48.889075249,2.290476526,Rue Gabriel PÃ©ri / Rue Jean JaurÃ¨s,C:\Users\martinant de preneuf\OneDrive - Fondation EPF\Bureau\DefiAccessMaison\Prototype_Appli_DefisAccess\src\..\dataset\images\Levallois_Perret_2026-06-25_10-45-52\fichier_analyse_Levallois_Perret_183.jpg
48.889803094,2.289778222,Rue Gabriel PÃ©ri / Rue Louise Michel,C:\Users\martinant de preneuf\OneDrive - Fondation EPF\Bureau\DefiAccessMaison\Prototype_Appli_DefisAccess\src\..\dataset\images\Levallois_Perret_2026-06-25_10-45-52\fichier_analyse_Levallois_Perret_184.jpg
48.89355697,2.286369645,Rue Gabriel PÃ©ri / Rue Pasteur,C:\Users\martinant de preneuf\OneDrive - Fondation EPF\Bureau\DefiAccessMaison\Prototype_Appli_DefisAccess\src\..\dataset\images\Levallois_Perret_2026-06-25_10-45-52\fichier_analyse_Levallois_Perret_185.jpg
48.89304822,2.286840955,Rue Gabriel PÃ©ri / Rue Voltaire,C:\Users\martinant de preneuf\OneDrive - Fondation EPF\Bureau\DefiAccessMaison\Prototype_Appli_DefisAccess\src\..\dataset\images\Levallois_Perret_2026-06-25_10-45-52\fichier_analyse_Levallois_Perret_186.jpg
48.893985697,2.286002931,Rue Gabriel PÃ©ri / Verdun,C:\Users\martinant de preneuf\OneDrive - Fondation EPF\Bureau\DefiAccessMaison\Prototype_Appli_DefisAccess\src\..\dataset\images\Levallois_Perret_2026-06-25_10-45-52\fichier_analyse_Levallois_Perret_187.jpg
48.896260795,2.274979187,Rue Greffulhe / AllÃ©e Alfred Sisley,C:\Users\martinant de preneuf\OneDrive - Fondation EPF\Bureau\DefiAccessMaison\Prototype_Appli_DefisAccess\src\..\dataset\images\Levallois_Perret_2026-06-25_10-45-52\fichier_analyse_Levallois_Perret_188.jpg
48.896259298,2.274984919,Rue Greffulhe / Avenue AndrÃ© Malraux,C:\Users\martinant de preneuf\OneDrive - Fondation EPF\Bureau\DefiAccessMaison\Prototype_Appli_DefisAccess\src\..\dataset\images\Levallois_Perret_2026-06-25_10-45-52\fichier_analyse_Levallois_Perret_189.jpg
48.894345735,2.276769777,Rue Greffulhe / Rue Baudin,C:\Users\martinant de preneuf\OneDrive - Fondation EPF\Bureau\DefiAccessMaison\Prototype_Appli_DefisAccess\src\..\dataset\images\Levallois_Perret_2026-06-25_10-45-52\fichier_analyse_Levallois_Perret_190.jpg
48.889833847,2.287140275,Rue Henri Barbusse / Rue Anatole France D9B,C:\Users\martinant de preneuf\OneDrive - Fondation EPF\Bureau\DefiAccessMaison\Prototype_Appli_DefisAccess\src\..\dataset\images\Levallois_Perret_2026-06-25_10-45-52\fichier_analyse_Levallois_Perret_191.jpg
48.891348004,2.290988284,Rue Henri Barbusse / Rue du PrÃ©sident Wilson,C:\Users\martinant de preneuf\OneDrive - Fondation EPF\Bureau\DefiAccessMaison\Prototype_Appli_DefisAccess\src\..\dataset\images\Levallois_Perret_2026-06-25_10-45-52\fichier_analyse_Levallois_Perret_192.jpg
48.892206879,2.286328326,Rue Hoche / Rue Carnot,C:\Users\martinant de preneuf\OneDrive - Fondation EPF\Bureau\DefiAccessMaison\Prototype_Appli_DefisAccess\src\..\dataset\images\Levallois_Perret_2026-06-25_10-45-52\fichier_analyse_Levallois_Perret_193.jpg
48.893811895,2.285584771,Rue Jacques Mazaud / AllÃ©e Daniel Gey,C:\Users\martinant de preneuf\OneDrive - Fondation EPF\Bureau\DefiAccessMaison\Prototype_Appli_DefisAccess\src\..\dataset\images\Levallois_Perret_2026-06-25_10-45-52\fichier_analyse_Levallois_Perret_194.jpg
48.894377139,2.286971564,Rue Jacques Mazaud / Place de Verdun,C:\Users\martinant de preneuf\OneDrive - Fondation EPF\Bureau\DefiAccessMaison\Prototype_Appli_DefisAccess\src\..\dataset\images\Levallois_Perret_2026-06-25_10-45-52\fichier_analyse_Levallois_Perret_195.jpg
48.893592808,2.285049054,Rue Jacques Mazaud / Rue Carnot,C:\Users\martinant de preneuf\OneDrive - Fondation EPF\Bureau\DefiAccessMaison\Prototype_Appli_DefisAccess\src\..\dataset\images\Levallois_Perret_2026-06-25_10-45-52\fichier_analyse_Levallois_Perret_196.jpg
48.894738065,2.287933114,Rue Jacques Mazaud / Rue du PrÃ©sident Wilson,C:\Users\martinant de preneuf\OneDrive - Fondation EPF\Bureau\DefiAccessMaison\Prototype_Appli_DefisAccess\src\..\dataset\images\Levallois_Perret_2026-06-25_10-45-52\fichier_analyse_Levallois_Perret_197.jpg
48.894342689,2.286959522,Rue Jacques Mazaud / Rue Maryse Hilsz,C:\Users\martinant de preneuf\OneDrive - Fondation EPF\Bureau\DefiAccessMaison\Prototype_Appli_DefisAccess\src\..\dataset\images\Levallois_Perret_2026-06-25_10-45-52\fichier_analyse_Levallois_Perret_198.jpg
48.894193969,2.286475926,Rue Jacques Mazaud / Verdun,C:\Users\martinant de preneuf\OneDrive - Fondation EPF\Bureau\DefiAccessMaison\Prototype_Appli_DefisAccess\src\..\dataset\images\Levallois_Perret_2026-06-25_10-45-52\fichier_analyse_Levallois_Perret_199.jpg
48.895917715,2.278484461,Rue Jean Gabin / Rue Danton,C:\Users\martinant de preneuf\OneDrive - Fondation EPF\Bureau\DefiAccessMaison\Prototype_Appli_DefisAccess\src\..\dataset\images\Levallois_Perret_2026-06-25_10-45-52\fichier_analyse_Levallois_Perret_200.jpg
48.895567262,2.277569333,Rue Jean Gabin / Rue Ernest Cognacq,C:\Users\martinant de preneuf\OneDrive - Fondation EPF\Bureau\DefiAccessMaison\Prototype_Appli_DefisAccess\src\..\dataset\images\Levallois_Perret_2026-06-25_10-45-52\fichier_analyse_Levallois_Perret_201.jpg
48.895012011,2.276142343,Rue Jean Gabin / Rue Greffulhe,C:\Users\martinant de preneuf\OneDrive - Fondation EPF\Bureau\DefiAccessMaison\Prototype_Appli_DefisAccess\src\..\dataset\images\Levallois_Perret_2026-06-25_10-45-52\fichier_analyse_Levallois_Perret_202.jpg
48.892243808,2.293485728,Rue Jean JaurÃ¨s / Impasse Genouville,C:\Users\martinant de preneuf\OneDrive - Fondation EPF\Bureau\DefiAccessMaison\Prototype_Appli_DefisAccess\src\..\dataset\images\Levallois_Perret_2026-06-25_10-45-52\fichier_analyse_Levallois_Perret_203.jpg
48.896243459,2.297869883,Rue Jean JaurÃ¨s / Rue Charles Faurie,C:\Users\martinant de preneuf\OneDrive - Fondation EPF\Bureau\DefiAccessMaison\Prototype_Appli_DefisAccess\src\..\dataset\images\Levallois_Perret_2026-06-25_10-45-52\fichier_analyse_Levallois_Perret_204.jpg
48.895002039,2.296355683,Rue Jean JaurÃ¨s / Rue Deguingand,C:\Users\martinant de preneuf\OneDrive - Fondation EPF\Bureau\DefiAccessMaison\Prototype_Appli_DefisAccess\src\..\dataset\images\Levallois_Perret_2026-06-25_10-45-52\fichier_analyse_Levallois_Perret_205.jpg
48.890558797,2.291733242,Rue Jean JaurÃ¨s / Rue du PrÃ©sident Wilson,C:\Users\martinant de preneuf\OneDrive - Fondation EPF\Bureau\DefiAccessMaison\Prototype_Appli_DefisAccess\src\..\dataset\images\Levallois_Perret_2026-06-25_10-45-52\fichier_analyse_Levallois_Perret_206.jpg
48.891364827,2.292603561,Rue Jean JaurÃ¨s / Rue Gustave Eiffel,C:\Users\martinant de preneuf\OneDrive - Fondation EPF\Bureau\DefiAccessMaison\Prototype_Appli_DefisAccess\src\..\dataset\images\Levallois_Perret_2026-06-25_10-45-52\fichier_analyse_Levallois_Perret_207.jpg
48.892208413,2.293453206,Rue Jean JaurÃ¨s / Rue Jules Guesde,C:\Users\martinant de preneuf\OneDrive - Fondation EPF\Bureau\DefiAccessMaison\Prototype_Appli_DefisAccess\src\..\dataset\images\Levallois_Perret_2026-06-25_10-45-52\fichier_analyse_Levallois_Perret_208.jpg
48.896056195,2.297628261,Rue Jean JaurÃ¨s / Rue Jules Verne,C:\Users\martinant de preneuf\OneDrive - Fondation EPF\Bureau\DefiAccessMaison\Prototype_Appli_DefisAccess\src\..\dataset\images\Levallois_Perret_2026-06-25_10-45-52\fichier_analyse_Levallois_Perret_209.jpg
48.890958693,2.292167654,Rue Jean JaurÃ¨s / Rue Louis Blanc,C:\Users\martinant de preneuf\OneDrive - Fondation EPF\Bureau\DefiAccessMaison\Prototype_Appli_DefisAccess\src\..\dataset\images\Levallois_Perret_2026-06-25_10-45-52\fichier_analyse_Levallois_Perret_210.jpg
48.891084758,2.292273307,Rue Jean JaurÃ¨s / Rue Rivay,C:\Users\martinant de preneuf\OneDrive - Fondation EPF\Bureau\DefiAccessMaison\Prototype_Appli_DefisAccess\src\..\dataset\images\Levallois_Perret_2026-06-25_10-45-52\fichier_analyse_Levallois_Perret_211.jpg
48.894383534,2.295663384,Rue Jean JaurÃ¨s / Rue TrÃ©zel,C:\Users\martinant de preneuf\OneDrive - Fondation EPF\Bureau\DefiAccessMaison\Prototype_Appli_DefisAccess\src\..\dataset\images\Levallois_Perret_2026-06-25_10-45-52\fichier_analyse_Levallois_Perret_212.jpg
48.895530457,2.296861046,Rue Jean JaurÃ¨s / Rue Victor Hugo D909,C:\Users\martinant de preneuf\OneDrive - Fondation EPF\Bureau\DefiAccessMaison\Prototype_Appli_DefisAccess\src\..\dataset\images\Levallois_Perret_2026-06-25_10-45-52\fichier_analyse_Levallois_Perret_213.jpg
48.894401541,2.292969537,Rue Jules Ferry / Rue Aristide Briand,C:\Users\martinant de preneuf\OneDrive - Fondation EPF\Bureau\DefiAccessMaison\Prototype_Appli_DefisAccess\src\..\dataset\images\Levallois_Perret_2026-06-25_10-45-52\fichier_analyse_Levallois_Perret_214.jpg
48.893476338,2.293684339,Rue Jules Ferry / Rue Louis Rouquier,C:\Users\martinant de preneuf\OneDrive - Fondation EPF\Bureau\DefiAccessMaison\Prototype_Appli_DefisAccess\src\..\dataset\images\Levallois_Perret_2026-06-25_10-45-52\fichier_analyse_Levallois_Perret_215.jpg
48.894410644,2.292972459,Rue Jules Ferry / Rue Marjolin,C:\Users\martinant de preneuf\OneDrive - Fondation EPF\Bureau\DefiAccessMaison\Prototype_Appli_DefisAccess\src\..\dataset\images\Levallois_Perret_2026-06-25_10-45-52\fichier_analyse_Levallois_Perret_216.jpg
48.89223614,2.293509241,Rue Jules Guesde / Impasse Genouville,C:\Users\martinant de preneuf\OneDrive - Fondation EPF\Bureau\DefiAccessMaison\Prototype_Appli_DefisAccess\src\..\dataset\images\Levallois_Perret_2026-06-25_10-45-52\fichier_analyse_Levallois_Perret_217.jpg
48.901744144,2.285964345,Rue Jules Guesde / Quai Charles Pasqua D1,C:\Users\martinant de preneuf\OneDrive - Fondation EPF\Bureau\DefiAccessMaison\Prototype_Appli_DefisAccess\src\..\dataset\images\Levallois_Perret_2026-06-25_10-45-52\fichier_analyse_Levallois_Perret_218.jpg
48.893975073,2.291961739,Rue Jules Guesde / Rue Aristide Briand,C:\Users\martinant de preneuf\OneDrive - Fondation EPF\Bureau\DefiAccessMaison\Prototype_Appli_DefisAccess\src\..\dataset\images\Levallois_Perret_2026-06-25_10-45-52\fichier_analyse_Levallois_Perret_219.jpg
48.898937771,2.287705895,Rue Jules Guesde / Rue Baudin,C:\Users\martinant de preneuf\OneDrive - Fondation EPF\Bureau\DefiAccessMaison\Prototype_Appli_DefisAccess\src\..\dataset\images\Levallois_Perret_2026-06-25_10-45-52\fichier_analyse_Levallois_Perret_220.jpg
48.899730269,2.287067514,Rue Jules Guesde / Rue Collange,C:\Users\martinant de preneuf\OneDrive - Fondation EPF\Bureau\DefiAccessMaison\Prototype_Appli_DefisAccess\src\..\dataset\images\Levallois_Perret_2026-06-25_10-45-52\fichier_analyse_Levallois_Perret_221.jpg
48.890090771,2.295678084,Rue Jules Guesde / Rue Curnonsky,C:\Users\martinant de preneuf\OneDrive - Fondation EPF\Bureau\DefiAccessMaison\Prototype_Appli_DefisAccess\src\..\dataset\images\Levallois_Perret_2026-06-25_10-45-52\fichier_analyse_Levallois_Perret_222.jpg
48.890964266,2.294792392,Rue Jules Guesde / Rue d'Alsace,C:\Users\martinant de preneuf\OneDrive - Fondation EPF\Bureau\DefiAccessMaison\Prototype_Appli_DefisAccess\src\..\dataset\images\Levallois_Perret_2026-06-25_10-45-52\fichier_analyse_Levallois_Perret_223.jpg
48.892231269,2.293458724,Rue Jules Guesde / Rue Jean JaurÃ¨s,C:\Users\martinant de preneuf\OneDrive - Fondation EPF\Bureau\DefiAccessMaison\Prototype_Appli_DefisAccess\src\..\dataset\images\Levallois_Perret_2026-06-25_10-45-52\fichier_analyse_Levallois_Perret_224.jpg
48.900416463,2.286486749,Rue Jules Guesde / Rue LÃ©on Jamin,C:\Users\martinant de preneuf\OneDrive - Fondation EPF\Bureau\DefiAccessMaison\Prototype_Appli_DefisAccess\src\..\dataset\images\Levallois_Perret_2026-06-25_10-45-52\fichier_analyse_Levallois_Perret_225.jpg
48.893077812,2.292726819,Rue Jules Guesde / Rue Louis Rouquier,C:\Users\martinant de preneuf\OneDrive - Fondation EPF\Bureau\DefiAccessMaison\Prototype_Appli_DefisAccess\src\..\dataset\images\Levallois_Perret_2026-06-25_10-45-52\fichier_analyse_Levallois_Perret_226.jpg
48.897056074,2.289340145,Rue Jules Guesde / Rue Paul Vaillant-Couturier,C:\Users\martinant de preneuf\OneDrive - Fondation EPF\Bureau\DefiAccessMaison\Prototype_Appli_DefisAccess\src\..\dataset\images\Levallois_Perret_2026-06-25_10-45-52\fichier_analyse_Levallois_Perret_227.jpg
48.895444922,2.298311211,Rue Jules Verne / Rue Charles Faurie,C:\Users\martinant de preneuf\OneDrive - Fondation EPF\Bureau\DefiAccessMaison\Prototype_Appli_DefisAccess\src\..\dataset\images\Levallois_Perret_2026-06-25_10-45-52\fichier_analyse_Levallois_Perret_228.jpg
48.893967132,2.300178156,Rue Jules Verne / Rue Pablo Neruda,C:\Users\martinant de preneuf\OneDrive - Fondation EPF\Bureau\DefiAccessMaison\Prototype_Appli_DefisAccess\src\..\dataset\images\Levallois_Perret_2026-06-25_10-45-52\fichier_analyse_Levallois_Perret_229.jpg
48.893808362,2.283484114,Rue KlÃ©ber / Rue Anatole France D9B,C:\Users\martinant de preneuf\OneDrive - Fondation EPF\Bureau\DefiAccessMaison\Prototype_Appli_DefisAccess\src\..\dataset\images\Levallois_Perret_2026-06-25_10-45-52\fichier_analyse_Levallois_Perret_230.jpg
48.894146925,2.284512893,Rue KlÃ©ber / Rue Antonin Raynaud,C:\Users\martinant de preneuf\OneDrive - Fondation EPF\Bureau\DefiAccessMaison\Prototype_Appli_DefisAccess\src\..\dataset\images\Levallois_Perret_2026-06-25_10-45-52\fichier_analyse_Levallois_Perret_231.jpg
48.894137395,2.284523752,Rue KlÃ©ber / Rue Carnot,C:\Users\martinant de preneuf\OneDrive - Fondation EPF\Bureau\DefiAccessMaison\Prototype_Appli_DefisAccess\src\..\dataset\images\Levallois_Perret_2026-06-25_10-45-52\fichier_analyse_Levallois_Perret_232.jpg
48.893035495,2.281087915,Rue KlÃ©ber / Rue Danton,C:\Users\martinant de preneuf\OneDrive - Fondation EPF\Bureau\DefiAccessMaison\Prototype_Appli_DefisAccess\src\..\dataset\images\Levallois_Perret_2026-06-25_10-45-52\fichier_analyse_Levallois_Perret_233.jpg
48.891858967,2.277890905,Rue KlÃ©ber / Rue de Villiers,C:\Users\martinant de preneuf\OneDrive - Fondation EPF\Bureau\DefiAccessMaison\Prototype_Appli_DefisAccess\src\..\dataset\images\Levallois_Perret_2026-06-25_10-45-52\fichier_analyse_Levallois_Perret_234.jpg
48.893392557,2.28219235,Rue KlÃ©ber / Rue Marius Aufan,C:\Users\martinant de preneuf\OneDrive - Fondation EPF\Bureau\DefiAccessMaison\Prototype_Appli_DefisAccess\src\..\dataset\images\Levallois_Perret_2026-06-25_10-45-52\fichier_analyse_Levallois_Perret_235.jpg
48.900107489,2.284934683,Rue LÃ©on Jamin / Rue Charles Deutschmann,C:\Users\martinant de preneuf\OneDrive - Fondation EPF\Bureau\DefiAccessMaison\Prototype_Appli_DefisAccess\src\..\dataset\images\Levallois_Perret_2026-06-25_10-45-52\fichier_analyse_Levallois_Perret_236.jpg
48.89995432,2.285753463,Rue LÃ©on Jamin / Rue Collange,C:\Users\martinant de preneuf\OneDrive - Fondation EPF\Bureau\DefiAccessMaison\Prototype_Appli_DefisAccess\src\..\dataset\images\Levallois_Perret_2026-06-25_10-45-52\fichier_analyse_Levallois_Perret_237.jpg
48.900211724,2.285587085,Rue LÃ©on Jamin / Rue Ã‰douard Vaillant,C:\Users\martinant de preneuf\OneDrive - Fondation EPF\Bureau\DefiAccessMaison\Prototype_Appli_DefisAccess\src\..\dataset\images\Levallois_Perret_2026-06-25_10-45-52\fichier_analyse_Levallois_Perret_238.jpg
48.900412269,2.286503552,Rue LÃ©on Jamin / Rue Jules Guesde,C:\Users\martinant de preneuf\OneDrive - Fondation EPF\Bureau\DefiAccessMaison\Prototype_Appli_DefisAccess\src\..\dataset\images\Levallois_Perret_2026-06-25_10-45-52\fichier_analyse_Levallois_Perret_239.jpg
48.899969667,2.285060574,Rue LÃ©on Jamin / Rue Rivay,C:\Users\martinant de preneuf\OneDrive - Fondation EPF\Bureau\DefiAccessMaison\Prototype_Appli_DefisAccess\src\..\dataset\images\Levallois_Perret_2026-06-25_10-45-52\fichier_analyse_Levallois_Perret_240.jpg
48.890619461,2.286394736,Rue Louis Rouquier / Rue Anatole France D9B,C:\Users\martinant de preneuf\OneDrive - Fondation EPF\Bureau\DefiAccessMaison\Prototype_Appli_DefisAccess\src\..\dataset\images\Levallois_Perret_2026-06-25_10-45-52\fichier_analyse_Levallois_Perret_241.jpg
48.891005805,2.287390748,Rue Louis Rouquier / Rue Carnot,C:\Users\martinant de preneuf\OneDrive - Fondation EPF\Bureau\DefiAccessMaison\Prototype_Appli_DefisAccess\src\..\dataset\images\Levallois_Perret_2026-06-25_10-45-52\fichier_analyse_Levallois_Perret_242.jpg
48.889127129,2.283212108,Rue Louis Rouquier / Rue Chaptal,C:\Users\martinant de preneuf\OneDrive - Fondation EPF\Bureau\DefiAccessMaison\Prototype_Appli_DefisAccess\src\..\dataset\images\Levallois_Perret_2026-06-25_10-45-52\fichier_analyse_Levallois_Perret_243.jpg
48.89213564,2.290275442,Rue Louis Rouquier / Rue du PrÃ©sident Wilson,C:\Users\martinant de preneuf\OneDrive - Fondation EPF\Bureau\DefiAccessMaison\Prototype_Appli_DefisAccess\src\..\dataset\images\Levallois_Perret_2026-06-25_10-45-52\fichier_analyse_Levallois_Perret_244.jpg
48.891381633,2.28834435,Rue Louis Rouquier / Rue Gabriel PÃ©ri,C:\Users\martinant de preneuf\OneDrive - Fondation EPF\Bureau\DefiAccessMaison\Prototype_Appli_DefisAccess\src\..\dataset\images\Levallois_Perret_2026-06-25_10-45-52\fichier_analyse_Levallois_Perret_245.jpg
48.893983245,2.295253044,Rue Louis Rouquier / Rue Jean JaurÃ¨s,C:\Users\martinant de preneuf\OneDrive - Fondation EPF\Bureau\DefiAccessMaison\Prototype_Appli_DefisAccess\src\..\dataset\images\Levallois_Perret_2026-06-25_10-45-52\fichier_analyse_Levallois_Perret_246.jpg
48.892462803,2.291110996,Rue Louis Rouquier / Rue Rivay,C:\Users\martinant de preneuf\OneDrive - Fondation EPF\Bureau\DefiAccessMaison\Prototype_Appli_DefisAccess\src\..\dataset\images\Levallois_Perret_2026-06-25_10-45-52\fichier_analyse_Levallois_Perret_247.jpg
48.891756941,2.289311666,Rue Louis Rouquier / Rue TrÃ©bois,C:\Users\martinant de preneuf\OneDrive - Fondation EPF\Bureau\DefiAccessMaison\Prototype_Appli_DefisAccess\src\..\dataset\images\Levallois_Perret_2026-06-25_10-45-52\fichier_analyse_Levallois_Perret_248.jpg
48.886729249,2.283527771,Rue Louise Michel / Boulevard Bineau D908,C:\Users\martinant de preneuf\OneDrive - Fondation EPF\Bureau\DefiAccessMaison\Prototype_Appli_DefisAccess\src\..\dataset\images\Levallois_Perret_2026-06-25_10-45-52\fichier_analyse_Levallois_Perret_249.jpg
48.887603731,2.285258387,Rue Louise Michel / Place du MarÃ©chal de Lattre de Tassigny,C:\Users\martinant de preneuf\OneDrive - Fondation EPF\Bureau\DefiAccessMaison\Prototype_Appli_DefisAccess\src\..\dataset\images\Levallois_Perret_2026-06-25_10-45-52\fichier_analyse_Levallois_Perret_250.jpg
48.888900544,2.287931766,Rue Louise Michel / Rue Anatole France D9B,C:\Users\martinant de preneuf\OneDrive - Fondation EPF\Bureau\DefiAccessMaison\Prototype_Appli_DefisAccess\src\..\dataset\images\Levallois_Perret_2026-06-25_10-45-52\fichier_analyse_Levallois_Perret_251.jpg
48.889360481,2.288879373,Rue Louise Michel / Rue Carnot,C:\Users\martinant de preneuf\OneDrive - Fondation EPF\Bureau\DefiAccessMaison\Prototype_Appli_DefisAccess\src\..\dataset\images\Levallois_Perret_2026-06-25_10-45-52\fichier_analyse_Levallois_Perret_252.jpg
48.888058608,2.286174283,Rue Louise Michel / Rue Danton,C:\Users\martinant de preneuf\OneDrive - Fondation EPF\Bureau\DefiAccessMaison\Prototype_Appli_DefisAccess\src\..\dataset\images\Levallois_Perret_2026-06-25_10-45-52\fichier_analyse_Levallois_Perret_253.jpg
48.888368604,2.286839701,Rue Louise Michel / Rue Marius Aufan,C:\Users\martinant de preneuf\OneDrive - Fondation EPF\Bureau\DefiAccessMaison\Prototype_Appli_DefisAccess\src\..\dataset\images\Levallois_Perret_2026-06-25_10-45-52\fichier_analyse_Levallois_Perret_254.jpg
48.8872167,2.28443988,Rue Louise Michel / Rue Vergniaud,C:\Users\martinant de preneuf\OneDrive - Fondation EPF\Bureau\DefiAccessMaison\Prototype_Appli_DefisAccess\src\..\dataset\images\Levallois_Perret_2026-06-25_10-45-52\fichier_analyse_Levallois_Perret_255.jpg
48.88878765,2.287804991,Rue Louise Michel / Sortie 1 Louise Michel,C:\Users\martinant de preneuf\OneDrive - Fondation EPF\Bureau\DefiAccessMaison\Prototype_Appli_DefisAccess\src\..\dataset\images\Levallois_Perret_2026-06-25_10-45-52\fichier_analyse_Levallois_Perret_256.jpg
48.888509305,2.284816448,Rue Marceau / Rue Camille Desmoulins,C:\Users\martinant de preneuf\OneDrive - Fondation EPF\Bureau\DefiAccessMaison\Prototype_Appli_DefisAccess\src\..\dataset\images\Levallois_Perret_2026-06-25_10-45-52\fichier_analyse_Levallois_Perret_257.jpg
48.888246518,2.284309145,Rue Marceau / Rue Chaptal,C:\Users\martinant de preneuf\OneDrive - Fondation EPF\Bureau\DefiAccessMaison\Prototype_Appli_DefisAccess\src\..\dataset\images\Levallois_Perret_2026-06-25_10-45-52\fichier_analyse_Levallois_Perret_258.jpg
48.888734841,2.28534084,Rue Marceau / Rue Danton,C:\Users\martinant de preneuf\OneDrive - Fondation EPF\Bureau\DefiAccessMaison\Prototype_Appli_DefisAccess\src\..\dataset\images\Levallois_Perret_2026-06-25_10-45-52\fichier_analyse_Levallois_Perret_259.jpg
48.895961411,2.277237791,Rue Marcel Cerdan / AllÃ©e Marcel Cerdan,C:\Users\martinant de preneuf\OneDrive - Fondation EPF\Bureau\DefiAccessMaison\Prototype_Appli_DefisAccess\src\..\dataset\images\Levallois_Perret_2026-06-25_10-45-52\fichier_analyse_Levallois_Perret_260.jpg
48.89595745,2.27722066,Rue Marcel Cerdan / Rue Ernest Cognacq,C:\Users\martinant de preneuf\OneDrive - Fondation EPF\Bureau\DefiAccessMaison\Prototype_Appli_DefisAccess\src\..\dataset\images\Levallois_Perret_2026-06-25_10-45-52\fichier_analyse_Levallois_Perret_261.jpg
48.895402755,2.275773766,Rue Marcel Cerdan / Rue Greffulhe,C:\Users\martinant de preneuf\OneDrive - Fondation EPF\Bureau\DefiAccessMaison\Prototype_Appli_DefisAccess\src\..\dataset\images\Levallois_Perret_2026-06-25_10-45-52\fichier_analyse_Levallois_Perret_262.jpg
48.890719556,2.284360036,Rue Marius Aufan / Rue Aristide Briand,C:\Users\martinant de preneuf\OneDrive - Fondation EPF\Bureau\DefiAccessMaison\Prototype_Appli_DefisAccess\src\..\dataset\images\Levallois_Perret_2026-06-25_10-45-52\fichier_analyse_Levallois_Perret_263.jpg
48.895887821,2.279862245,Rue Marius Aufan / Rue Baudin,C:\Users\martinant de preneuf\OneDrive - Fondation EPF\Bureau\DefiAccessMaison\Prototype_Appli_DefisAccess\src\..\dataset\images\Levallois_Perret_2026-06-25_10-45-52\fichier_analyse_Levallois_Perret_264.jpg
48.88998528,2.284981214,Rue Marius Aufan / Rue Louis Rouquier,C:\Users\martinant de preneuf\OneDrive - Fondation EPF\Bureau\DefiAccessMaison\Prototype_Appli_DefisAccess\src\..\dataset\images\Levallois_Perret_2026-06-25_10-45-52\fichier_analyse_Levallois_Perret_265.jpg
48.894417214,2.292970713,Rue Marjolin / Rue Aristide Briand,C:\Users\martinant de preneuf\OneDrive - Fondation EPF\Bureau\DefiAccessMaison\Prototype_Appli_DefisAccess\src\..\dataset\images\Levallois_Perret_2026-06-25_10-45-52\fichier_analyse_Levallois_Perret_266.jpg
48.89638209,2.291480448,Rue Marjolin / Rue Camille Pelletan,C:\Users\martinant de preneuf\OneDrive - Fondation EPF\Bureau\DefiAccessMaison\Prototype_Appli_DefisAccess\src\..\dataset\images\Levallois_Perret_2026-06-25_10-45-52\fichier_analyse_Levallois_Perret_267.jpg
48.897399665,2.290706119,Rue Marjolin / Rue Paul Vaillant-Couturier,C:\Users\martinant de preneuf\OneDrive - Fondation EPF\Bureau\DefiAccessMaison\Prototype_Appli_DefisAccess\src\..\dataset\images\Levallois_Perret_2026-06-25_10-45-52\fichier_analyse_Levallois_Perret_268.jpg
48.894352431,2.286950869,Rue Maryse Hilsz / Place de Verdun,C:\Users\martinant de preneuf\OneDrive - Fondation EPF\Bureau\DefiAccessMaison\Prototype_Appli_DefisAccess\src\..\dataset\images\Levallois_Perret_2026-06-25_10-45-52\fichier_analyse_Levallois_Perret_269.jpg
48.894360277,2.286933872,Rue Maryse Hilsz / Verdun,C:\Users\martinant de preneuf\OneDrive - Fondation EPF\Bureau\DefiAccessMaison\Prototype_Appli_DefisAccess\src\..\dataset\images\Levallois_Perret_2026-06-25_10-45-52\fichier_analyse_Levallois_Perret_270.jpg
48.896964073,2.281950769,Rue Mathilde Girault / Rue Baudin,C:\Users\martinant de preneuf\OneDrive - Fondation EPF\Bureau\DefiAccessMaison\Prototype_Appli_DefisAccess\src\..\dataset\images\Levallois_Perret_2026-06-25_10-45-52\fichier_analyse_Levallois_Perret_271.jpg
48.895828347,2.283013774,Rue Mathilde Girault / Rue Paul Vaillant-Couturier,C:\Users\martinant de preneuf\OneDrive - Fondation EPF\Bureau\DefiAccessMaison\Prototype_Appli_DefisAccess\src\..\dataset\images\Levallois_Perret_2026-06-25_10-45-52\fichier_analyse_Levallois_Perret_272.jpg
48.889788302,2.294370505,Rue Maurice Ravel / Rue Curnonsky,C:\Users\martinant de preneuf\OneDrive - Fondation EPF\Bureau\DefiAccessMaison\Prototype_Appli_DefisAccess\src\..\dataset\images\Levallois_Perret_2026-06-25_10-45-52\fichier_analyse_Levallois_Perret_273.jpg
48.890435778,2.293651485,Rue Maurice Ravel / Rue d'Alsace,C:\Users\martinant de preneuf\OneDrive - Fondation EPF\Bureau\DefiAccessMaison\Prototype_Appli_DefisAccess\src\..\dataset\images\Levallois_Perret_2026-06-25_10-45-52\fichier_analyse_Levallois_Perret_274.jpg
48.889970275,2.294186561,Rue Maurice Ravel / Rue Valentin,C:\Users\martinant de preneuf\OneDrive - Fondation EPF\Bureau\DefiAccessMaison\Prototype_Appli_DefisAccess\src\..\dataset\images\Levallois_Perret_2026-06-25_10-45-52\fichier_analyse_Levallois_Perret_275.jpg
48.893555565,2.299478152,Rue Pablo Neruda / Rue d'Alsace,C:\Users\martinant de preneuf\OneDrive - Fondation EPF\Bureau\DefiAccessMaison\Prototype_Appli_DefisAccess\src\..\dataset\images\Levallois_Perret_2026-06-25_10-45-52\fichier_analyse_Levallois_Perret_276.jpg
48.8939629,2.300178463,Rue Pablo Neruda / Rue Jules Verne,C:\Users\martinant de preneuf\OneDrive - Fondation EPF\Bureau\DefiAccessMaison\Prototype_Appli_DefisAccess\src\..\dataset\images\Levallois_Perret_2026-06-25_10-45-52\fichier_analyse_Levallois_Perret_277.jpg
48.893244441,2.299882193,Rue Pablo Neruda / Rue Victor Hugo D909,C:\Users\martinant de preneuf\OneDrive - Fondation EPF\Bureau\DefiAccessMaison\Prototype_Appli_DefisAccess\src\..\dataset\images\Levallois_Perret_2026-06-25_10-45-52\fichier_analyse_Levallois_Perret_278.jpg
48.891055902,2.297324716,Rue Parfait Jans / Rue Curnonsky,C:\Users\martinant de preneuf\OneDrive - Fondation EPF\Bureau\DefiAccessMaison\Prototype_Appli_DefisAccess\src\..\dataset\images\Levallois_Perret_2026-06-25_10-45-52\fichier_analyse_Levallois_Perret_279.jpg
48.891800388,2.296423566,Rue Parfait Jans / Rue d'Alsace,C:\Users\martinant de preneuf\OneDrive - Fondation EPF\Bureau\DefiAccessMaison\Prototype_Appli_DefisAccess\src\..\dataset\images\Levallois_Perret_2026-06-25_10-45-52\fichier_analyse_Levallois_Perret_280.jpg
48.895796926,2.275369089,Rue Pasquier / Rue Greffulhe,C:\Users\martinant de preneuf\OneDrive - Fondation EPF\Bureau\DefiAccessMaison\Prototype_Appli_DefisAccess\src\..\dataset\images\Levallois_Perret_2026-06-25_10-45-52\fichier_analyse_Levallois_Perret_281.jpg
48.893181274,2.285423326,Rue Pasteur / Rue Carnot,C:\Users\martinant de preneuf\OneDrive - Fondation EPF\Bureau\DefiAccessMaison\Prototype_Appli_DefisAccess\src\..\dataset\images\Levallois_Perret_2026-06-25_10-45-52\fichier_analyse_Levallois_Perret_282.jpg
48.894320072,2.288303707,Rue Pasteur / Rue du PrÃ©sident Wilson,C:\Users\martinant de preneuf\OneDrive - Fondation EPF\Bureau\DefiAccessMaison\Prototype_Appli_DefisAccess\src\..\dataset\images\Levallois_Perret_2026-06-25_10-45-52\fichier_analyse_Levallois_Perret_283.jpg
48.893940127,2.287339024,Rue Pasteur / Rue Maryse Hilsz,C:\Users\martinant de preneuf\OneDrive - Fondation EPF\Bureau\DefiAccessMaison\Prototype_Appli_DefisAccess\src\..\dataset\images\Levallois_Perret_2026-06-25_10-45-52\fichier_analyse_Levallois_Perret_284.jpg
48.895395073,2.282037514,Rue Paul Vaillant-Couturier / Rue Anatole France D9B,C:\Users\martinant de preneuf\OneDrive - Fondation EPF\Bureau\DefiAccessMaison\Prototype_Appli_DefisAccess\src\..\dataset\images\Levallois_Perret_2026-06-25_10-45-52\fichier_analyse_Levallois_Perret_285.jpg
48.894431375,2.279676343,Rue Paul Vaillant-Couturier / Rue Danton,C:\Users\martinant de preneuf\OneDrive - Fondation EPF\Bureau\DefiAccessMaison\Prototype_Appli_DefisAccess\src\..\dataset\images\Levallois_Perret_2026-06-25_10-45-52\fichier_analyse_Levallois_Perret_286.jpg
48.893263331,2.276446929,Rue Paul Vaillant-Couturier / Rue de Villiers,C:\Users\martinant de preneuf\OneDrive - Fondation EPF\Bureau\DefiAccessMaison\Prototype_Appli_DefisAccess\src\..\dataset\images\Levallois_Perret_2026-06-25_10-45-52\fichier_analyse_Levallois_Perret_287.jpg
48.896396521,2.286580764,Rue Paul Vaillant-Couturier / Rue du PrÃ©sident Wilson,C:\Users\martinant de preneuf\OneDrive - Fondation EPF\Bureau\DefiAccessMaison\Prototype_Appli_DefisAccess\src\..\dataset\images\Levallois_Perret_2026-06-25_10-45-52\fichier_analyse_Levallois_Perret_288.jpg
48.897074119,2.289312083,Rue Paul Vaillant-Couturier / Rue Jules Guesde,C:\Users\martinant de preneuf\OneDrive - Fondation EPF\Bureau\DefiAccessMaison\Prototype_Appli_DefisAccess\src\..\dataset\images\Levallois_Perret_2026-06-25_10-45-52\fichier_analyse_Levallois_Perret_289.jpg
48.894934971,2.280940828,Rue Paul Vaillant-Couturier / Rue Marius Aufan,C:\Users\martinant de preneuf\OneDrive - Fondation EPF\Bureau\DefiAccessMaison\Prototype_Appli_DefisAccess\src\..\dataset\images\Levallois_Perret_2026-06-25_10-45-52\fichier_analyse_Levallois_Perret_290.jpg
48.897409501,2.290692225,Rue Paul Vaillant-Couturier / Rue Marjolin,C:\Users\martinant de preneuf\OneDrive - Fondation EPF\Bureau\DefiAccessMaison\Prototype_Appli_DefisAccess\src\..\dataset\images\Levallois_Perret_2026-06-25_10-45-52\fichier_analyse_Levallois_Perret_291.jpg
48.897721436,2.291963191,Rue Paul Vaillant-Couturier / Rue Raspail,C:\Users\martinant de preneuf\OneDrive - Fondation EPF\Bureau\DefiAccessMaison\Prototype_Appli_DefisAccess\src\..\dataset\images\Levallois_Perret_2026-06-25_10-45-52\fichier_analyse_Levallois_Perret_292.jpg
48.89663705,2.287507838,Rue Paul Vaillant-Couturier / Rue Rivay,C:\Users\martinant de preneuf\OneDrive - Fondation EPF\Bureau\DefiAccessMaison\Prototype_Appli_DefisAccess\src\..\dataset\images\Levallois_Perret_2026-06-25_10-45-52\fichier_analyse_Levallois_Perret_293.jpg
48.898283089,2.294348986,Rue Paul Vaillant-Couturier / Rue Victor Hugo D909,C:\Users\martinant de preneuf\OneDrive - Fondation EPF\Bureau\DefiAccessMaison\Prototype_Appli_DefisAccess\src\..\dataset\images\Levallois_Perret_2026-06-25_10-45-52\fichier_analyse_Levallois_Perret_294.jpg
48.894532676,2.290344999,Rue Pierre Brossolette / Rue Ã‰douard Vaillant,C:\Users\martinant de preneuf\OneDrive - Fondation EPF\Bureau\DefiAccessMaison\Prototype_Appli_DefisAccess\src\..\dataset\images\Levallois_Perret_2026-06-25_10-45-52\fichier_analyse_Levallois_Perret_295.jpg
48.894883467,2.291174055,Rue Pierre Brossolette / Rue Jules Guesde,C:\Users\martinant de preneuf\OneDrive - Fondation EPF\Bureau\DefiAccessMaison\Prototype_Appli_DefisAccess\src\..\dataset\images\Levallois_Perret_2026-06-25_10-45-52\fichier_analyse_Levallois_Perret_296.jpg
48.895359938,2.292265475,Rue Pierre Brossolette / Rue Marjolin,C:\Users\martinant de preneuf\OneDrive - Fondation EPF\Bureau\DefiAccessMaison\Prototype_Appli_DefisAccess\src\..\dataset\images\Levallois_Perret_2026-06-25_10-45-52\fichier_analyse_Levallois_Perret_297.jpg
48.895820147,2.29338921,Rue Pierre Brossolette / Rue Raspail,C:\Users\martinant de preneuf\OneDrive - Fondation EPF\Bureau\DefiAccessMaison\Prototype_Appli_DefisAccess\src\..\dataset\images\Levallois_Perret_2026-06-25_10-45-52\fichier_analyse_Levallois_Perret_298.jpg
48.896132421,2.294134929,Rue Pierre Brossolette / Rue TrÃ©zel,C:\Users\martinant de preneuf\OneDrive - Fondation EPF\Bureau\DefiAccessMaison\Prototype_Appli_DefisAccess\src\..\dataset\images\Levallois_Perret_2026-06-25_10-45-52\fichier_analyse_Levallois_Perret_299.jpg
48.8968017,2.295675751,Rue Pierre Brossolette / Rue Victor Hugo D909,C:\Users\martinant de preneuf\OneDrive - Fondation EPF\Bureau\DefiAccessMaison\Prototype_Appli_DefisAccess\src\..\dataset\images\Levallois_Perret_2026-06-25_10-45-52\fichier_analyse_Levallois_Perret_300.jpg
48.894921493,2.294092097,Rue Raspail / Rue Aristide Briand,C:\Users\martinant de preneuf\OneDrive - Fondation EPF\Bureau\DefiAccessMaison\Prototype_Appli_DefisAccess\src\..\dataset\images\Levallois_Perret_2026-06-25_10-45-52\fichier_analyse_Levallois_Perret_301.jpg
48.899708629,2.290479907,Rue Raspail / Rue Baudin,C:\Users\martinant de preneuf\OneDrive - Fondation EPF\Bureau\DefiAccessMaison\Prototype_Appli_DefisAccess\src\..\dataset\images\Levallois_Perret_2026-06-25_10-45-52\fichier_analyse_Levallois_Perret_302.jpg
48.896759523,2.292684183,Rue Raspail / Rue Camille Pelletan,C:\Users\martinant de preneuf\OneDrive - Fondation EPF\Bureau\DefiAccessMaison\Prototype_Appli_DefisAccess\src\..\dataset\images\Levallois_Perret_2026-06-25_10-45-52\fichier_analyse_Levallois_Perret_303.jpg
48.898959995,2.291002253,Rue Raspail / Rue Collange,C:\Users\martinant de preneuf\OneDrive - Fondation EPF\Bureau\DefiAccessMaison\Prototype_Appli_DefisAccess\src\..\dataset\images\Levallois_Perret_2026-06-25_10-45-52\fichier_analyse_Levallois_Perret_304.jpg
48.897702456,2.291985321,Rue Raspail / Rue Paul Vaillant-Couturier,C:\Users\martinant de preneuf\OneDrive - Fondation EPF\Bureau\DefiAccessMaison\Prototype_Appli_DefisAccess\src\..\dataset\images\Levallois_Perret_2026-06-25_10-45-52\fichier_analyse_Levallois_Perret_305.jpg
48.895837549,2.293414923,Rue Raspail / Rue Pierre Brossolette,C:\Users\martinant de preneuf\OneDrive - Fondation EPF\Bureau\DefiAccessMaison\Prototype_Appli_DefisAccess\src\..\dataset\images\Levallois_Perret_2026-06-25_10-45-52\fichier_analyse_Levallois_Perret_306.jpg
48.894909603,2.294096708,Rue Raspail / Square Edith de Villepin,C:\Users\martinant de preneuf\OneDrive - Fondation EPF\Bureau\DefiAccessMaison\Prototype_Appli_DefisAccess\src\..\dataset\images\Levallois_Perret_2026-06-25_10-45-52\fichier_analyse_Levallois_Perret_307.jpg
48.900955059,2.284408852,Rue Rivay / Quai Charles Pasqua D1,C:\Users\martinant de preneuf\OneDrive - Fondation EPF\Bureau\DefiAccessMaison\Prototype_Appli_DefisAccess\src\..\dataset\images\Levallois_Perret_2026-06-25_10-45-52\fichier_analyse_Levallois_Perret_308.jpg
48.893278202,2.290380238,Rue Rivay / Rue Aristide Briand,C:\Users\martinant de preneuf\OneDrive - Fondation EPF\Bureau\DefiAccessMaison\Prototype_Appli_DefisAccess\src\..\dataset\images\Levallois_Perret_2026-06-25_10-45-52\fichier_analyse_Levallois_Perret_309.jpg
48.898467206,2.286170229,Rue Rivay / Rue Baudin,C:\Users\martinant de preneuf\OneDrive - Fondation EPF\Bureau\DefiAccessMaison\Prototype_Appli_DefisAccess\src\..\dataset\images\Levallois_Perret_2026-06-25_10-45-52\fichier_analyse_Levallois_Perret_310.jpg
48.900049171,2.284958677,Rue Rivay / Rue Charles Deutschmann,C:\Users\martinant de preneuf\OneDrive - Fondation EPF\Bureau\DefiAccessMaison\Prototype_Appli_DefisAccess\src\..\dataset\images\Levallois_Perret_2026-06-25_10-45-52\fichier_analyse_Levallois_Perret_311.jpg
48.899272597,2.285556824,Rue Rivay / Rue ClÃ©ment Bayard,C:\Users\martinant de preneuf\OneDrive - Fondation EPF\Bureau\DefiAccessMaison\Prototype_Appli_DefisAccess\src\..\dataset\images\Levallois_Perret_2026-06-25_10-45-52\fichier_analyse_Levallois_Perret_312.jpg
48.892451597,2.291106268,Rue Rivay / Rue Louis Rouquier,C:\Users\martinant de preneuf\OneDrive - Fondation EPF\Bureau\DefiAccessMaison\Prototype_Appli_DefisAccess\src\..\dataset\images\Levallois_Perret_2026-06-25_10-45-52\fichier_analyse_Levallois_Perret_313.jpg
48.89663872,2.287527672,Rue Rivay / Rue Paul Vaillant-Couturier,C:\Users\martinant de preneuf\OneDrive - Fondation EPF\Bureau\DefiAccessMaison\Prototype_Appli_DefisAccess\src\..\dataset\images\Levallois_Perret_2026-06-25_10-45-52\fichier_analyse_Levallois_Perret_314.jpg
48.896973972,2.281939897,Rue Thierry Le Luron / Rue Baudin,C:\Users\martinant de preneuf\OneDrive - Fondation EPF\Bureau\DefiAccessMaison\Prototype_Appli_DefisAccess\src\..\dataset\images\Levallois_Perret_2026-06-25_10-45-52\fichier_analyse_Levallois_Perret_315.jpg
48.896969597,2.281944993,Rue Thierry Le Luron / Rue Mathilde Girault,C:\Users\martinant de preneuf\OneDrive - Fondation EPF\Bureau\DefiAccessMaison\Prototype_Appli_DefisAccess\src\..\dataset\images\Levallois_Perret_2026-06-25_10-45-52\fichier_analyse_Levallois_Perret_316.jpg
48.892519574,2.288619447,Rue TrÃ©bois / Rue Aristide Briand,C:\Users\martinant de preneuf\OneDrive - Fondation EPF\Bureau\DefiAccessMaison\Prototype_Appli_DefisAccess\src\..\dataset\images\Levallois_Perret_2026-06-25_10-45-52\fichier_analyse_Levallois_Perret_317.jpg
48.890977063,2.290023506,Rue TrÃ©bois / Rue Henri Barbusse,C:\Users\martinant de preneuf\OneDrive - Fondation EPF\Bureau\DefiAccessMaison\Prototype_Appli_DefisAccess\src\..\dataset\images\Levallois_Perret_2026-06-25_10-45-52\fichier_analyse_Levallois_Perret_318.jpg
48.889831501,2.291081677,Rue TrÃ©bois / Rue Jean JaurÃ¨s,C:\Users\martinant de preneuf\OneDrive - Fondation EPF\Bureau\DefiAccessMaison\Prototype_Appli_DefisAccess\src\..\dataset\images\Levallois_Perret_2026-06-25_10-45-52\fichier_analyse_Levallois_Perret_319.jpg
48.890247157,2.290675913,Rue TrÃ©bois / Rue Louise Michel,C:\Users\martinant de preneuf\OneDrive - Fondation EPF\Bureau\DefiAccessMaison\Prototype_Appli_DefisAccess\src\..\dataset\images\Levallois_Perret_2026-06-25_10-45-52\fichier_analyse_Levallois_Perret_320.jpg
48.890493244,2.295252229,Rue Valentin / Rue Jules Guesde,C:\Users\martinant de preneuf\OneDrive - Fondation EPF\Bureau\DefiAccessMaison\Prototype_Appli_DefisAccess\src\..\dataset\images\Levallois_Perret_2026-06-25_10-45-52\fichier_analyse_Levallois_Perret_321.jpg
48.8888213,2.282589201,Rue Vergniaud / Rue Louis Rouquier,C:\Users\martinant de preneuf\OneDrive - Fondation EPF\Bureau\DefiAccessMaison\Prototype_Appli_DefisAccess\src\..\dataset\images\Levallois_Perret_2026-06-25_10-45-52\fichier_analyse_Levallois_Perret_322.jpg
48.887223793,2.284454732,Rue Vergniaud / Rue Louise Michel,C:\Users\martinant de preneuf\OneDrive - Fondation EPF\Bureau\DefiAccessMaison\Prototype_Appli_DefisAccess\src\..\dataset\images\Levallois_Perret_2026-06-25_10-45-52\fichier_analyse_Levallois_Perret_323.jpg
48.89225115,2.300937951,Rue Victor Hugo D909 / Avenue de la Porte d'AsniÃ¨res D909,C:\Users\martinant de preneuf\OneDrive - Fondation EPF\Bureau\DefiAccessMaison\Prototype_Appli_DefisAccess\src\..\dataset\images\Levallois_Perret_2026-06-25_10-45-52\fichier_analyse_Levallois_Perret_324.jpg
48.892265797,2.300917464,Rue Victor Hugo D909 / Boulevard de Reims,C:\Users\martinant de preneuf\OneDrive - Fondation EPF\Bureau\DefiAccessMaison\Prototype_Appli_DefisAccess\src\..\dataset\images\Levallois_Perret_2026-06-25_10-45-52\fichier_analyse_Levallois_Perret_325.jpg
48.892286899,2.300955907,Rue Victor Hugo D909 / Boulevard du Fort-de-Vaux,C:\Users\martinant de preneuf\OneDrive - Fondation EPF\Bureau\DefiAccessMaison\Prototype_Appli_DefisAccess\src\..\dataset\images\Levallois_Perret_2026-06-25_10-45-52\fichier_analyse_Levallois_Perret_326.jpg
48.895916376,2.296460415,Rue Victor Hugo D909 / Rue Aristide Briand,C:\Users\martinant de preneuf\OneDrive - Fondation EPF\Bureau\DefiAccessMaison\Prototype_Appli_DefisAccess\src\..\dataset\images\Levallois_Perret_2026-06-25_10-45-52\fichier_analyse_Levallois_Perret_327.jpg
48.893503259,2.299442766,Rue Victor Hugo D909 / Rue d'Alsace,C:\Users\martinant de preneuf\OneDrive - Fondation EPF\Bureau\DefiAccessMaison\Prototype_Appli_DefisAccess\src\..\dataset\images\Levallois_Perret_2026-06-25_10-45-52\fichier_analyse_Levallois_Perret_328.jpg
48.895510573,2.296861368,Rue Victor Hugo D909 / Rue Jean JaurÃ¨s,C:\Users\martinant de preneuf\OneDrive - Fondation EPF\Bureau\DefiAccessMaison\Prototype_Appli_DefisAccess\src\..\dataset\images\Levallois_Perret_2026-06-25_10-45-52\fichier_analyse_Levallois_Perret_329.jpg
48.892675188,2.300567217,Rue Victor Hugo D909 / Rue Pablo Neruda,C:\Users\martinant de preneuf\OneDrive - Fondation EPF\Bureau\DefiAccessMaison\Prototype_Appli_DefisAccess\src\..\dataset\images\Levallois_Perret_2026-06-25_10-45-52\fichier_analyse_Levallois_Perret_330.jpg
48.898284422,2.294369677,Rue Victor Hugo D909 / Rue Paul Vaillant-Couturier,C:\Users\martinant de preneuf\OneDrive - Fondation EPF\Bureau\DefiAccessMaison\Prototype_Appli_DefisAccess\src\..\dataset\images\Levallois_Perret_2026-06-25_10-45-52\fichier_analyse_Levallois_Perret_331.jpg
48.896790908,2.295684163,Rue Victor Hugo D909 / Rue Pierre Brossolette,C:\Users\martinant de preneuf\OneDrive - Fondation EPF\Bureau\DefiAccessMaison\Prototype_Appli_DefisAccess\src\..\dataset\images\Levallois_Perret_2026-06-25_10-45-52\fichier_analyse_Levallois_Perret_332.jpg
48.893614074,2.288221455,Rue Voltaire / Place de la RÃ©publique,C:\Users\martinant de preneuf\OneDrive - Fondation EPF\Bureau\DefiAccessMaison\Prototype_Appli_DefisAccess\src\..\dataset\images\Levallois_Perret_2026-06-25_10-45-52\fichier_analyse_Levallois_Perret_333.jpg
48.892233653,2.284921384,Rue Voltaire / Place du GÃ©nÃ©ral Leclerc de Hautecloque,C:\Users\martinant de preneuf\OneDrive - Fondation EPF\Bureau\DefiAccessMaison\Prototype_Appli_DefisAccess\src\..\dataset\images\Levallois_Perret_2026-06-25_10-45-52\fichier_analyse_Levallois_Perret_334.jpg
48.892233657,2.284921323,Rue Voltaire / Rue Anatole France D9B,C:\Users\martinant de preneuf\OneDrive - Fondation EPF\Bureau\DefiAccessMaison\Prototype_Appli_DefisAccess\src\..\dataset\images\Levallois_Perret_2026-06-25_10-45-52\fichier_analyse_Levallois_Perret_335.jpg
48.892648564,2.285900705,Rue Voltaire / Rue Carnot,C:\Users\martinant de preneuf\OneDrive - Fondation EPF\Bureau\DefiAccessMaison\Prototype_Appli_DefisAccess\src\..\dataset\images\Levallois_Perret_2026-06-25_10-45-52\fichier_analyse_Levallois_Perret_336.jpg
48.890809581,2.281161757,Rue Voltaire / Rue Chaptal,C:\Users\martinant de preneuf\OneDrive - Fondation EPF\Bureau\DefiAccessMaison\Prototype_Appli_DefisAccess\src\..\dataset\images\Levallois_Perret_2026-06-25_10-45-52\fichier_analyse_Levallois_Perret_337.jpg
48.891366193,2.282742244,Rue Voltaire / Rue Danton,C:\Users\martinant de preneuf\OneDrive - Fondation EPF\Bureau\DefiAccessMaison\Prototype_Appli_DefisAccess\src\..\dataset\images\Levallois_Perret_2026-06-25_10-45-52\fichier_analyse_Levallois_Perret_338.jpg
48.890255529,2.279588902,Rue Voltaire / Rue de Villiers,C:\Users\martinant de preneuf\OneDrive - Fondation EPF\Bureau\DefiAccessMaison\Prototype_Appli_DefisAccess\src\..\dataset\images\Levallois_Perret_2026-06-25_10-45-52\fichier_analyse_Levallois_Perret_339.jpg
48.893851615,2.288749265,Rue Voltaire / Rue du PrÃ©sident Wilson,C:\Users\martinant de preneuf\OneDrive - Fondation EPF\Bureau\DefiAccessMaison\Prototype_Appli_DefisAccess\src\..\dataset\images\Levallois_Perret_2026-06-25_10-45-52\fichier_analyse_Levallois_Perret_340.jpg
48.891669155,2.283588996,Rue Voltaire / Rue Marius Aufan,C:\Users\martinant de preneuf\OneDrive - Fondation EPF\Bureau\DefiAccessMaison\Prototype_Appli_DefisAccess\src\..\dataset\images\Levallois_Perret_2026-06-25_10-45-52\fichier_analyse_Levallois_Perret_341.jpg
48.89345593,2.287780155,Rue Voltaire / Rue Maryse Hilsz,C:\Users\martinant de preneuf\OneDrive - Fondation EPF\Bureau\DefiAccessMaison\Prototype_Appli_DefisAccess\src\..\dataset\images\Levallois_Perret_2026-06-25_10-45-52\fichier_analyse_Levallois_Perret_342.jpg
48.894200052,2.289594175,Rue Voltaire / Rue Rivay,C:\Users\martinant de preneuf\OneDrive - Fondation EPF\Bureau\DefiAccessMaison\Prototype_Appli_DefisAccess\src\..\dataset\images\Levallois_Perret_2026-06-25_10-45-52\fichier_analyse_Levallois_Perret_343.jpg
48.888796708,2.287908609,Sortie 1 Louise Michel / Rue Anatole France D9B,C:\Users\martinant de preneuf\OneDrive - Fondation EPF\Bureau\DefiAccessMaison\Prototype_Appli_DefisAccess\src\..\dataset\images\Levallois_Perret_2026-06-25_10-45-52\fichier_analyse_Levallois_Perret_344.jpg
48.888685979,2.288037823,Sortie 2 Anatole France / Rue Anatole France D9B,C:\Users\martinant de preneuf\OneDrive - Fondation EPF\Bureau\DefiAccessMaison\Prototype_Appli_DefisAccess\src\..\dataset\images\Levallois_Perret_2026-06-25_10-45-52\fichier_analyse_Levallois_Perret_345.jpg
48.888723043,2.28789924,Sortie 2 Anatole France / Sortie 1 Louise Michel,C:\Users\martinant de preneuf\OneDrive - Fondation EPF\Bureau\DefiAccessMaison\Prototype_Appli_DefisAccess\src\..\dataset\images\Levallois_Perret_2026-06-25_10-45-52\fichier_analyse_Levallois_Perret_346.jpg
48.897527172,2.277227038,Square AndrÃ© Malraux / Rue Danton,C:\Users\martinant de preneuf\OneDrive - Fondation EPF\Bureau\DefiAccessMaison\Prototype_Appli_DefisAccess\src\..\dataset\images\Levallois_Perret_2026-06-25_10-45-52\fichier_analyse_Levallois_Perret_347.jpg
48.897101999,2.276247128,Square AndrÃ© Malraux / Rue Ernest Cognacq,C:\Users\martinant de preneuf\OneDrive - Fondation EPF\Bureau\DefiAccessMaison\Prototype_Appli_DefisAccess\src\..\dataset\images\Levallois_Perret_2026-06-25_10-45-52\fichier_analyse_Levallois_Perret_348.jpg
48.89489876,2.294102842,Square Edith de Villepin / Rue Aristide Briand,C:\Users\martinant de preneuf\OneDrive - Fondation EPF\Bureau\DefiAccessMaison\Prototype_Appli_DefisAccess\src\..\dataset\images\Levallois_Perret_2026-06-25_10-45-52\fichier_analyse_Levallois_Perret_349.jpg
48.893874723,2.294696803,Square Edith de Villepin / Rue Louis Rouquier,C:\Users\martinant de preneuf\OneDrive - Fondation EPF\Bureau\DefiAccessMaison\Prototype_Appli_DefisAccess\src\..\dataset\images\Levallois_Perret_2026-06-25_10-45-52\fichier_analyse_Levallois_Perret_350.jpg
48.893986625,2.285999033,Verdun / Rue Jacques Mazaud,C:\Users\martinant de preneuf\OneDrive - Fondation EPF\Bureau\DefiAccessMaison\Prototype_Appli_DefisAccess\src\..\dataset\images\Levallois_Perret_2026-06-25_10-45-52\fichier_analyse_Levallois_Perret_351.jpg
48.891308336,2.280695471,Villa Chaptal / Rue Chaptal,C:\Users\martinant de preneuf\OneDrive - Fondation EPF\Bureau\DefiAccessMaison\Prototype_Appli_DefisAccess\src\..\dataset\images\Levallois_Perret_2026-06-25_10-45-52\fichier_analyse_Levallois_Perret_352.jpg
48.892713845,2.280113034,Villa Chaptal / Rue KlÃ©ber,C:\Users\martinant de preneuf\OneDrive - Fondation EPF\Bureau\DefiAccessMaison\Prototype_Appli_DefisAccess\src\..\dataset\images\Levallois_Perret_2026-06-25_10-45-52\fichier_analyse_Levallois_Perret_353.jpg
48.899183583,2.278547325,D9B / Pont de Levallois D9bis,C:\Users\martinant de preneuf\OneDrive - Fondation EPF\Bureau\DefiAccessMaison\Prototype_Appli_DefisAccess\src\..\dataset\images\Levallois_Perret_2026-06-25_10-45-52\fichier_analyse_Levallois_Perret_354.jpg
48.898944139,2.278736693,D9B / Quai Charles Pasqua D1,C:\Users\martinant de preneuf\OneDrive - Fondation EPF\Bureau\DefiAccessMaison\Prototype_Appli_DefisAccess\src\..\dataset\images\Levallois_Perret_2026-06-25_10-45-52\fichier_analyse_Levallois_Perret_355.jpg
